CHAINS,OTOM,INPUT1,INPUT2,NRG,OUTPUT1,OUTPUT2,OTOMRO,CHEMIST WALLET,initateReaction() TX HASH,analyseReactions() TX HASH,NOTES
0-chain,Af-7,mineable,,0
0-chain,Af-8,mineable,,0
0-chain,Af-9,mineable,,0
0-chain,Aw-50,mineable,,0
0-chain,Cq-5,mineable,,0
0-chain,Cq-6,mineable,,0
0-chain,Cq-7,mineable,,0
0-chain,D-37,mineable,,0
0-chain,Dx-15,mineable,,0
0-chain,Dx-16,mineable,,0
0-chain,Dx-17,mineable,,0
0-chain,Fj-37,mineable,,0
0-chain,Fw-25,mineable,,0
0-chain,Gy-34,mineable,,0
0-chain,Ju-1,mineable,,0
0-chain,Ju-2,mineable,,0
0-chain,Ju-3,mineable,,0
0-chain,M-20,mineable,,0
0-chain,M-22,mineable,,0
0-chain,M-23,mineable,,0
0-chain,Nb-54,mineable,,0
0-chain,Pm-17,mineable,,0
0-chain,Pm-18,mineable,,0
0-chain,Pm-19,mineable,,0
0-chain,Pq-10,mineable,,0
0-chain,Pq-12,mineable,,0
0-chain,Pq-13,mineable,,0
0-chain,Pq-14,mineable,,0
0-chain,Pq-15,mineable,,0
0-chain,Pt-24,mineable,,0
0-chain,Pt-25,mineable,,0
0-chain,Pt-26,mineable,,0
0-chain,S-25,mineable,,0
0-chain,S-26,mineable,,0
0-chain,W-4,mineable,,0
0-chain,W-5,mineable,,0
0-chain,Xc-30,mineable,,0
0-chain,Xc-31,mineable,,0
0-chain,Xc-34,mineable,,0
0-chain,Xl-10,mineable,,0
0-chain,Xl-11,mineable,,0
0-chain,Xl-9,mineable,,0
0-chain,Zq-32,mineable,,0
0-chain,Zz-13,mineable,,0
0-chain,Zz-14,mineable,,0
1-chain,Dx-18,Pm-18,,0,Dx-18,,14651,0x52d12221782705d2e9ffdef6d2da74f17dc77b85,0x0cc63c27e14442db64db8f28684100d88aa8b05213d0e074c69071cdbaf4a98d,0x8c7dfe32f2af15317c5c6ce197658fb35007e0c832ac7193d10223badb716d21,
1-chain,Fw-23,M-23,,0,Fw-23,,14670,0x620051b8553a724b742ae6ae9cc3585d29f49848,0x888a42b4523c39a6ab1930f6be58b81eea839e9ef9ca50af55d5af3a589ce41c,0x7c829f5e2f44768a5c46f89b67fec2fef71834f654d1c6d9f523cd0ebd5a1172,
1-chain,Xc-32,Zq-32,,0,Xc-32,,14964,0x620051b8553a724b742ae6ae9cc3585d29f49848,0xbf409d4db641d61adc8718f10c3666420105a4bc21b358d8bb245249cd8b1cdf,0x8fa9b7c260f75a00c8cee3a86eab0b39ef7cb75c57a4c9e51e9b10312adbf5c9,
1-chain,Zz-15,Dx-15,,0,Zz-15,,14464,0x620051b8553a724b742ae6ae9cc3585d29f49848,0x3d508451fb8414d59f84887455630c43813e98ca20df7bbecc142995b8e6c2bb,0x33d98983c1a39b579b9ce1d538dff1c4a83ff20dec17c15c97e08f2058c409e4,
1-chain,M-19,Xl-9,Pq-10,362,M-19,,306153,0x45267fce911448314863a692e71138e1bc027f83,0x8be3831819a704f2fc02c40f26dae00e609ebee2883e29b33a5b4b60d5905e28,0x4a2b9cc5ad58bf2eb124bfb0fcb2c2ba2b58ac3ca9073ac125140fd037ae6725,
1-chain,Pt-23,Pq-10,Zz-13,457,Pt-23,,325489,0x45267fce911448314863a692e71138e1bc027f83,0xf1e35c2323e9a072e6102e05f83eab78d165b10b1b4ffa6e140dce2c7d65de39,0x0c46b69cfd0ab916171379dfaf13db4e0583e5a3a8c2cdf53b6b8930a29707c4,
1-chain,Fw-22,Cq-5,Pm-17,460,Fw-22,,303795,0xf818714b62a5c5ddf5b2e1fbb6e3f5709da9d899,0x9a053fe562c0a9e0a055a121da57d1b92a0a5ecffaa047b66241c06c6d3a89b5,0x2f404919ae272cec07d0acc6f2a4462b46ec4d4561167ea21b81e7cf85c92524,
1-chain,M-21,Af-7,Pq-14,462,M-21,,306155,0x45267fce911448314863a692e71138e1bc027f83,0xcff5f959d521e345a8fe1e4bcfd71c1ce7dc148e311ae04919578faa8098e65e,0x4a2b9cc5ad58bf2eb124bfb0fcb2c2ba2b58ac3ca9073ac125140fd037ae6725,
1-chain,Fw-21,Af-7,Zz-14,477,Fw-21,,305860,0x45267fce911448314863a692e71138e1bc027f83,0x054ec7365c995cf91c739aa75fd5c50d0beccc2847e6e8abce09a9ab94abec79,0x46f34cb258373aaab9aecb93b4fdc642fa1507b05e877fc66c2428752ec8783d,
1-chain,Fw-24,Xl-9,Pq-15,511,Fw-24,,202007,0x77a9324b1d8eb493bf33dd6a7d0908d4b955dfd5,0x992e5047d13a066edf92bbd3341fa9478e72d25bc2138ae25e76cbe3e3b3f644,0x179ed8e990f912b412757f6b25f2f04c422bc8002d9485a8d76f54c6c85b16aa,
1-chain,S-28,Cq-5,M-23,514,S-28,,307996,0x45267fce911448314863a692e71138e1bc027f83,0x3516ef251a4f44f029bc734b19271daedae3cc3d47b540faaf406bf9cabf9b43,0x3a4686f6882d4007bf87bcf0e8436016ac701745176e0b27ed1a5dfc9cb32a79,
1-chain,Zq-30,Cq-5,Fw-25,531,Zq-30,,312487,0x45267fce911448314863a692e71138e1bc027f83,0x5ce35f0fc5369f42536267a67791f6eb830ace989001ee53665cc3907df0a32f,0xa2a9e1e1f9fbfc1343f48e2e4406da6fe06b73b885fc843fcec898a579cf30fc,
1-chain,Pm-20,W-5,Pq-15,533,Pm-20,,305869,0x45267fce911448314863a692e71138e1bc027f83,0xdacd000adb625f163b83e01e3fa58f433dfccc33610a7b20bad88a96c1677d5a,0x323597f7f137278393e1639a128da9c3b645b93e9d356f219977eaf67cf9bc3c,
1-chain,Zq-27,Pq-10,Pm-17,548,Zq-27,,230870,0x89d66a41a8a4e24377801c4b0dc014a9b2e90a29,0x08378a180daf0bf25cd7dde314d6fc508f77b46cb0ba9a777be89a58774cf75d,0xa6ac14d48b7cfd499b15bac044b8073c2988e64bdf19a23ab221d0dbf93938c2,
1-chain,Gy-31,Cq-5,S-26,565,Gy-31,,291254,0x620051b8553a724b742ae6ae9cc3585d29f49848,0x1b82ec5e3350bd9c58730e1bf19d4c723ffdc55c6d9a083a3aa429249a379f99,0x8a5da2e9eb853ef9b82ff56968ad3278753bf41152f3ac305860b59d10838e04,
1-chain,S-30,Pq-15,Pq-15,579,S-30,,307997,0x45267fce911448314863a692e71138e1bc027f83,0x5231b70dea83d66e19548badde93a3e4e73ca703e3dd71512d4b67721491e4a9,0x3a4686f6882d4007bf87bcf0e8436016ac701745176e0b27ed1a5dfc9cb32a79,
1-chain,Zq-28,Pq-10,Pm-18,582,Zq-28,,312483,0x45267fce911448314863a692e71138e1bc027f83,0x9e7e7aafb673d264de63398d9385d4604de0fd305b569844c62a96a53859764b,0x6721a5b40479790b592c3493f8e4b64fcfd684f5ec63d27e4e85caaba5ae4cca,
1-chain,Pt-27,Pq-12,Pq-15,637,Pt-27,,306174,0x45267fce911448314863a692e71138e1bc027f83,0x29ca4d9d3e9d3726f392ffe0a719910bbfad60f53cb8df957be5b9959a68e972,0x47f1b4f730ad5a479100fea547e4ab4daac54f7ca43d8a0f7e75bdf69ae96595,
1-chain,S-29,Pq-14,Pq-15,645,S-29,,586868,0x0078f37662af59eb8e57063f87c2f7d22f5388f6,0x38c0d451184060949870ca7340ef6915d4f6cac1cdee4c9dec2e135366ccf7cf,0x23ab43308c7294f591ddd134ea779308d9667ab66f7c976bd28cdd80aa204b1d,
1-chain,Fj-39,Cq-5,Xc-34,650,Fj-39,,312523,0x45267fce911448314863a692e71138e1bc027f83,0xe2af807994ccd8ed0f32708cde3d04f1a1a642e0f34cabfc0e61d7036b52f03e,0x1483e04d4a102fa6f28a03de70efcb2c06bccfcda73985d36f83bf59ed46e416,
1-chain,Gy-33,Pq-10,M-23,651,Gy-33,,312496,0x45267fce911448314863a692e71138e1bc027f83,0xc6af8d3af61d834b39a9c3155a1f51eb7780a96ebf9af6ab15a22623186b7178,0xfe85af693a3a64425e325b3e2409d97d9f359b14fbf87e460dda93343be8e975,
1-chain,D-32,Af-7,S-25,662,D-32,,28869,0x620051b8553a724b742ae6ae9cc3585d29f49848,0x9a5a15f98505bcb4e1be177a1fe19609099f8e05dc40d81b0878e64063e37790,0xc46c5844ed186636669d8dcee0baddb819068fd253f15c875ba6d09ac4ba1331,
1-chain,Fj-36,Cq-5,Xc-31,662,Fj-36,,230960,0x89d66a41a8a4e24377801c4b0dc014a9b2e90a29,0xd0a669cb36b0c903614aea956e79518239067c2e1fc687f31f1b8e3b39728ef0,0x673b103440ca4aed8132706a7d930918e36cecd4c71f3fc5a046cf93936d883b,
1-chain,D-35,Pq-10,Fw-25,673,D-35,,312503,0x45267fce911448314863a692e71138e1bc027f83,0x43e003d873e04f18ded1ff050d1765e22d6843da62c8d3fe172079d85d9469c6,0x97e8fc4cb28a35541a70783123f2b5e0e721158b93ef1fec7ad7b37298d114c1,
1-chain,S-27,Pq-14,Zz-13,681,S-27,,306177,0x45267fce911448314863a692e71138e1bc027f83,0x6bfd22ce08e427d03d3e1135e3f8edda9750d7b69e5105167dcd440f7b1bd05c,0x47f1b4f730ad5a479100fea547e4ab4daac54f7ca43d8a0f7e75bdf69ae96595,
1-chain,Fj-35,Pq-10,S-25,686,Fj-35,,314220,0x45267fce911448314863a692e71138e1bc027f83,0x70527b9370031aa8ca7ece40aba1646a66729da28e15465cf1b1ae549b5738d0,0xf0ace2d5cdf8e5ce1cad223f512754782a12d19f12235740d7794b6cea4771a9,
1-chain,Gy-32,Af-7,Pt-25,687,Gy-32,,230925,0x89d66a41a8a4e24377801c4b0dc014a9b2e90a29,0xc9322564ec03d47ada806e6c9c0326ee3436a912e0fcd2b1096223cfc252c4f1,0x64fd7b57e2c8137e884a647db8e2eae9817bb8c56d650850e2c34329bfde54a1,
1-chain,C-42,Cq-5,D-37,691,C-42,,30282,0xbb9912d1081cdedba161d28fb5bb779c654677c4,0x088808ea820dc885f065a688006d45a21e314a9f1ce3896a25576a9b2253d47f,0xbf8e6147d49e76b2b226c76b4bf697b8e9e0990dc7961b3721ca086f72c3aae6,
1-chain,D-33,Af-7,S-26,692,D-33,,30291,0xbb9912d1081cdedba161d28fb5bb779c654677c4,0xd58f4dfe3d69fb325267a6f6b0205791a95b9b30d3c6421ca3782c3f2a22506e,0x90d4c047a7696f3c7f18a517120e1414b6c03102876fa707ae261b2cc79aaf77,
1-chain,E-42,Cq-5,Fj-37,702,E-42,,312490,0x45267fce911448314863a692e71138e1bc027f83,0x206922126e280e62f7eb09765d1612d02da1b9fb45e202f3cc3b6b2bccbb0009,0xa2a9e1e1f9fbfc1343f48e2e4406da6fe06b73b885fc843fcec898a579cf30fc,
1-chain,Xc-29,Cq-5,Pt-24,714,Xc-29,,312492,0x45267fce911448314863a692e71138e1bc027f83,0xe39a1d0bc03b0f585a3850b839eafe46834f8b67f0aebd76c947f35299bae8fa,0xa2a9e1e1f9fbfc1343f48e2e4406da6fe06b73b885fc843fcec898a579cf30fc,
1-chain,Zq-29,Pq-14,Dx-15,747,Zq-29,,312484,0x45267fce911448314863a692e71138e1bc027f83,0xce6dcf831334fe38fd6e8f80d0b504b1a4da4ad4312e60ca7f3b51ff1c252e2b,0x6721a5b40479790b592c3493f8e4b64fcfd684f5ec63d27e4e85caaba5ae4cca,
1-chain,Xc-33,Ju-1,Zq-32,750,Xc-33,,31583,0xfb28a0b0ba53ccc3f9945af7d7645f6503199e73,0x502dec86b954d718ad9265e3613ca3ed97155c14eacf5ba4c48a0d647b523e47,0x2791f0762fd687335e60b2acb5c1cfaa6b41b5d2673350a1e1282110cb870538,
1-chain,Fj-34,Xl-9,S-25,773,Fj-34,,26974,0x620051b8553a724b742ae6ae9cc3585d29f49848,0x09799b2655c9fbc0f89d301320d2e7ad9a1bdf917a7888cf64e662306e07ebf1,0x45a871e6ce414d0f5f4f9486104cc962d9a3ba28fb89329392ecc32a7c43191f,
1-chain,O-41,Af-7,Xc-34,796,O-41,,312617,0x45267fce911448314863a692e71138e1bc027f83,0x04091d665e2cc5d47e544b9f752cea788ede7a2074b52f11a0d97b29b7dd3cdb,0x2808c4524b1960e6cfa5d578c009357a9a0814b1c758506fbfca4b729bf5c18a,
1-chain,Gy-35,Ju-1,Xc-34,798,Gy-35,,312497,0x45267fce911448314863a692e71138e1bc027f83,0x37f548cee722573c0a784e20d363c69d10acddfa6bb0faaf5c301a930f9cc5ef,0xfe85af693a3a64425e325b3e2409d97d9f359b14fbf87e460dda93343be8e975,
1-chain,D-34,Xl-9,Pt-25,802,D-34,,312502,0x45267fce911448314863a692e71138e1bc027f83,0x341cd1fdceb2ea2e934753ff67674a9aabc88e3f8fe38af0fedb35913b266100,0x150c4ad5d9e8b6381e378db2d2185377d632bc118430be802ab686098c7caf31,
1-chain,O-38,Af-7,Xc-31,810,O-38,,158415,0xf8d0c9f300d0649861963ebae0bb568533619448,0x9f4240c2fe8144fb32ff673114886c8a4061155cc26eaeb23133bbd66787b7bc,0xaf7167387d27d58ef054152f1862858e2179a56dd1f886bc2fde3f00993983fa,
1-chain,E-44,Pq-10,Xc-34,824,E-44,,314058,0x45267fce911448314863a692e71138e1bc027f83,0xa625b6ff3a82467492be0e4e27e35af1022de75953f4afc73da65a85a6883aaa,0x38464611e1bcc081aa18f60036f9bd753e83b4af2b15fe75285d4cdf41143b72,
1-chain,E-41,Pq-10,Xc-31,838,E-41,,314057,0x45267fce911448314863a692e71138e1bc027f83,0xda8122c3a540f31e3bf06bbf7c2d4e77f0ec435127f88725b82730d799542b2f,0x38464611e1bcc081aa18f60036f9bd753e83b4af2b15fe75285d4cdf41143b72,
1-chain,Fj-38,Ju-1,D-37,849,Fj-38,,230961,0x89d66a41a8a4e24377801c4b0dc014a9b2e90a29,0x6f7aab0711ecc17e0bed6ec41b7a97570960e027ecd318044c4a0a96ee1abd9e,0x18a2596c152a193a288c88d8c8e30ede69633d7f3f74a8240553bb565b80a958,
1-chain,Xk-55,Cq-5,Aw-50,850,Xk-55,,25958,0x620051b8553a724b742ae6ae9cc3585d29f49848,0x1f7a4228a378addf2edbe48074de88983e0ac5c86f9d6a3cdcd5794a399a2794,0x1be59626b91e27ee8eb81f27a606c69dab2e521b5acc1d81f18fdc8d5a9782d3,
1-chain,Gy-36,Ju-2,Xc-34,856,Gy-36,,30353,0xbb9912d1081cdedba161d28fb5bb779c654677c4,0x36b994cd5df4fb8e63d2e1fddd03b22b42131062dcac44c2e0e4c64cdc2c1984,0x6298b950f7ec1c9e0eb5ab69c32ed2e4f9983042ea8ecd1dd4ce70ea0774d877,
1-chain,Yp-59,Cq-5,Nb-54,858,Yp-59,,317156,0x45267fce911448314863a692e71138e1bc027f83,0x918f5efe6f83299fd12e0b21b7c7b2ab069ac2e8153ed6dd94b35ef441320c2c,0x26a14b1e1f58eec6ae9c63ebec4700f68d040241efc4b1a5cc1eb7361592188d,
1-chain,A-44,Af-7,Fj-37,860,A-44,,83275,0x6eb1513df2e9ff8490d119ba7352607466e49f10,0x212bb867d61e07d7ba2ea0f2e3e553c59ae7719ff37eb9ea66de580dff3805b4,0x95c5b05238ead952734b10ac18ad989c0a87203e463b5f42e389e08ae973dc61,
1-chain,Zq-31,Cq-6,Fw-25,874,Zq-31,,312488,0x45267fce911448314863a692e71138e1bc027f83,0x0a0496840265411dbdf47b492f09e16947c91d2ef588c97eb68fa6790c503f55,0xa2a9e1e1f9fbfc1343f48e2e4406da6fe06b73b885fc843fcec898a579cf30fc,
1-chain,D-38,Pq-15,M-23,875,D-38,,312505,0x45267fce911448314863a692e71138e1bc027f83,0xd9eda75d543c6ff8926f8ceb666cc4e09286eda318b7edcfca9ff10fbf58ea50,0x97e8fc4cb28a35541a70783123f2b5e0e721158b93ef1fec7ad7b37298d114c1,
1-chain,Aw-47,Pq-10,D-37,876,Aw-47,,314080,0x45267fce911448314863a692e71138e1bc027f83,0xedd87ff37ad43d7521c912e6cd09fda71e9fcfb22ae5c9c72e1ddc978b2a03f7,0x9fdbebb881042aa55093ec7971b81a5293e33e8ff032544d5646ebf459b1a61c,
1-chain,O-39,Cq-5,Gy-34,888,O-39,,312601,0x45267fce911448314863a692e71138e1bc027f83,0x8dc283e0d6f41171050c82633d29557e193bfa69b21e633da8ae044769162229,0x2808c4524b1960e6cfa5d578c009357a9a0814b1c758506fbfca4b729bf5c18a,
1-chain,Oc-47,Pq-10,Fj-37,891,Oc-47,,97729,0x6eb1513df2e9ff8490d119ba7352607466e49f10,0x22fba252364e4c633058fa989e5d1e28ac3171e613108e3989e164e8e2f517c6,0x4f37274edbf660230cbe9abe186ea06e1fab540a446781ff501e666ccb1cff35,
1-chain,Fj-40,Pq-15,Fw-25,903,Fj-40,,312524,0x45267fce911448314863a692e71138e1bc027f83,0xba304093554cfb326cb5d88ccc72e1f945620c588f26741659d84f91f3462a43,0x1483e04d4a102fa6f28a03de70efcb2c06bccfcda73985d36f83bf59ed46e416,
1-chain,O-40,Pq-15,S-25,921,O-40,,312610,0x45267fce911448314863a692e71138e1bc027f83,0x56d9f47318d60e8b36545f165b38dcce7d03f4fe419639a7698364007fb5365e,0x2808c4524b1960e6cfa5d578c009357a9a0814b1c758506fbfca4b729bf5c18a,
1-chain,D-36,Zz-13,M-23,926,D-36,,312581,0x45267fce911448314863a692e71138e1bc027f83,0x6e717f903183fd4e58e9bd7086a2affa2233104c48e0191bbcbcaed92c3e97c3,0x2808c4524b1960e6cfa5d578c009357a9a0814b1c758506fbfca4b729bf5c18a,
1-chain,C-43,Xl-9,Xc-34,929,C-43,,312628,0x45267fce911448314863a692e71138e1bc027f83,0x99277834902ba39e3d364a3c24a09e3d6ccefd2df6688da39f39b6ef3806d9cd,0x7666961d46807c2dc8748a703876f1f5e895ce0d03ad15c5d36726eed3dbc9b0,
1-chain,C-40,Xl-9,Xc-31,945,C-40,,312623,0x45267fce911448314863a692e71138e1bc027f83,0x5d7445e24996c644a3772a29aefac5ff3eca2291910021469040b8789065a8e4,0x5d84223c8b6c866ddbbec45b26a4ba77a7d752e6478d36900eef752f1af23a21,
1-chain,C-38,Zz-13,S-25,976,C-38,,30277,0xbb9912d1081cdedba161d28fb5bb779c654677c4,0x8145f006ac2a2bd856d7e0b279be21827d9599aa22fed46ab7daae25abb1aa3f,0x90d4c047a7696f3c7f18a517120e1414b6c03102876fa707ae261b2cc79aaf77,
1-chain,O-42,Xl-10,Zq-32,977,O-42,,312620,0x45267fce911448314863a692e71138e1bc027f83,0xf70c0139288c7e53f820b81d6fb4afc4f024b0a79d8146ff21f7c0a76f907947,0x5d84223c8b6c866ddbbec45b26a4ba77a7d752e6478d36900eef752f1af23a21,
1-chain,A-46,Xl-9,D-37,988,A-46,,30241,0xbb9912d1081cdedba161d28fb5bb779c654677c4,0xdc46179f7d90b447aa037c1a0d79195242cb32e8a2371ab3bbc32126280dde44,0x07e26cbad37a0beca5ded658dbef0cc84f5423f4120f7e388332e2699108c5f2,
1-chain,D-39,Pq-14,Fw-25,1002,D-39,,30296,0xbb9912d1081cdedba161d28fb5bb779c654677c4,0x4d0e89d470a2bdbc252da7e85df70c4d691a0b21fd887fb3a93e42f40fd3d8b4,0x76c34ce612cf82d871d606453ecc7801f393e90e36d47dbbe8fc5d742836e449,
1-chain,Aw-46,Xl-9,Fj-37,1004,Aw-46,,314077,0x45267fce911448314863a692e71138e1bc027f83,0x60400ef29fdb0d41417113bc132ab357129e756b921607ab9b38652ea0276257,0x9fdbebb881042aa55093ec7971b81a5293e33e8ff032544d5646ebf459b1a61c,
1-chain,O-37,Pq-12,S-25,1014,O-37,,312594,0x45267fce911448314863a692e71138e1bc027f83,0x90e1224806b170900d943c0f6588a0a4646b0de5366976a753c7f3977f95627c,0x2808c4524b1960e6cfa5d578c009357a9a0814b1c758506fbfca4b729bf5c18a,
1-chain,C-39,Zz-13,S-26,1019,C-39,,312622,0x45267fce911448314863a692e71138e1bc027f83,0x607e843e5c0c019977fe731ed91d57b92d1c259c293d959d41119c4506f77eb1,0x5d84223c8b6c866ddbbec45b26a4ba77a7d752e6478d36900eef752f1af23a21,
1-chain,C-44,Xl-10,Xc-34,1040,C-44,,79363,0x6eb1513df2e9ff8490d119ba7352607466e49f10,0xc6de64d910e8a9f36e2d229c06262d9c518c3e5dc6d576cd58765c20d1c82ef1,0x2b3518af639875fa36f58a7aa8410b4f0dbf9d1cd2a61414a8d189daa8876396,
1-chain,Ic-57,Af-7,Aw-50,1040,Ic-57,,158436,0xf8d0c9f300d0649861963ebae0bb568533619448,0xeb363927192918b83eda0bd76520eb49ebe0d9adfad3910ca215064f092fa44b,0x8372b4f6ab80a3ec6f82dfa1dc7943a1ada42e3a9f3a2188a91819cdf4b3b97d,
1-chain,E-47,Pq-15,Zq-32,1041,E-47,,231072,0x89d66a41a8a4e24377801c4b0dc014a9b2e90a29,0x3388e5a4d49fe58dda59714e004dec324997e8a2cf5a26aa8c156f1f4f3b24b2,0xd89be7eac2433f52f0a22ee91e20a651dbb7560c29a64b953065a5ed0584687c,
1-chain,Oc-51,Ju-1,Aw-50,1043,Oc-51,,30400,0xbb9912d1081cdedba161d28fb5bb779c654677c4,0xab88c1a60baa75371bcf1bf2d69e3d50fab548c8bbf45db279020faacb29401f,0xe29614b92d91c61f0832d4efbca583b89dd10c3a231b479659c00296b7a22486,
1-chain,C-41,W-4,Fj-37,1045,C-41,,312625,0x45267fce911448314863a692e71138e1bc027f83,0xb3e0d9da6b52b8b5f0e073a093d18e53d5377e392ee5a0abae88f3b7925f4e93,0x5d84223c8b6c866ddbbec45b26a4ba77a7d752e6478d36900eef752f1af23a21,
1-chain,Jx-61,Af-7,Nb-54,1051,Jx-61,,317184,0x45267fce911448314863a692e71138e1bc027f83,0x0bb547f467cdcd94a9446df44266416b7f3a45b82fbef3b2357b40fe5aeb5bea,0xc958cc3927362dc8ee6c1ec676610604ee4b3d900ebda5cbf82a386de92bcc43,
1-chain,E-40,Pq-10,Xc-30,1061,E-40,,333755,0x45267fce911448314863a692e71138e1bc027f83,0x6cbe1efc985efacc1d4ffeb947ec889816e05fc0bf356c48eb60e9196f389944,0x2f54b5cbbee0bcd408a93cc70735aa20304de606ea61644d74e6120d02a1b527,
1-chain,Jx-60,Pq-10,Aw-50,1077,Jx-60,,325369,0x45267fce911448314863a692e71138e1bc027f83,0xf161da607c54085f52ada0cc9d8c603dd8a9c62278003e31f4669833b7abb27f,0xb8223ee85170dcbc24a80f48e8b8cd5cc76a03953b5b9cfb1092cd8e74a2e5ff,
1-chain,At-64,Pq-10,Nb-54,1088,At-64,,21964,0x6b8dbbd660b1c8a3a04b0023ded5394ff0c91bb0,0xb34279d2e3445eaade41ae43beeec69ba4d1d38d52233f5a1e651e4bad031cbb,0x678621fbcf3ded556610b1a4bbfd23fb4a8ef65ae372b450acf27a232c850d9e,
1-chain,E-45,Zz-13,Zq-32,1101,E-45,,312640,0x45267fce911448314863a692e71138e1bc027f83,0x56dc8bc2e4fda8edb1e0d7c140d4ee4826f82d973587c690d759a6bdee100087,0x27b13f4fc78fae01b22d9c53345fe54a8f7fd65c90d12d6052da34cdd3dd18db,
1-chain,A-47,Xl-10,D-37,1106,A-47,,312674,0x45267fce911448314863a692e71138e1bc027f83,0x2902e46b58f4c2f2d372d4f8bee311b3a44f377a4cbf44ee14fa40c7785e3c94,0xe8504fe94c81a6c20785f7cf458e78b4681694d3ae7f6370fe445ac1a531b8f6,
1-chain,A-49,Pq-15,Xc-34,1106,A-49,,312676,0x45267fce911448314863a692e71138e1bc027f83,0x04ec1e5304a6c0c86d20bc821b5a0fe74586dcbac997423d0d3a627095374ed5,0xe8504fe94c81a6c20785f7cf458e78b4681694d3ae7f6370fe445ac1a531b8f6,
1-chain,Oc-52,Ju-2,Aw-50,1119,Oc-52,,231158,0x89d66a41a8a4e24377801c4b0dc014a9b2e90a29,0xfbf3f8df4d8902606becd5bc3db35b1592b57ebc58f1e48555e5daf7285f0d14,0x351d1b0595666ca1c7966b9b42f87dffdb7df09ddc29ce612e44a4a8d91439a0,
1-chain,Fj-41,Cq-7,Xc-34,1122,Fj-41,,560154,0x620051b8553a724b742ae6ae9cc3585d29f49848,0x5e522ae5ef3cd2c94014ba16197ff92547f2dcdf97e087da1d2227c47965db9d,0x360545b13ca780df8b07ffa6fee7fd21342172e3ea057f8cf6440b41692b00ca,
1-chain,E-46,Pq-15,Xc-31,1126,E-46,,350182,0x3f20a1179212f97be990b1fe4d86ddef35016428,0xd058a74414e74fb6eb2d7513e6ebca45b0ba71918fd43dc93556e19d8c1e81f5,0x2712bfd86be865719ece088e6e6a16e447f8323e23e2b310f0acb6d3700a55f4,
1-chain,Xk-56,Ju-2,Nb-54,1131,Xk-56,,314274,0x45267fce911448314863a692e71138e1bc027f83,0x6bdffe03033219fc7a224e960e590c5c261468328a49144522027ccc35b26c30,0x24c380f869c3f3cd0887453552083239c5e137d7758f7cdb0ed6ac69dcea8ed1,
1-chain,E-43,Cq-6,Fj-37,1158,E-43,,24259,0x620051b8553a724b742ae6ae9cc3585d29f49848,0x86a4aabc36b4e19de521df5123c0aa95e0c9a715ccd7df11764467df44166851,0xe015f00b9d2b3c799a64cec4de61ce4a04e878b4942024bf5931a6d029cbdda6,
1-chain,A-42,Pm-17,S-25,1171,A-42,,23557,0x620051b8553a724b742ae6ae9cc3585d29f49848,0x31edf1da41fc09cc3efc55d7e826654ce1c1588e0c40fcd9617713e2a2585468,0xca965f10e4a0924d675f8d98e1bbe1b1460342fd0cf3944ce67863ff2ce0e5c4,
1-chain,Aw-52,Pq-15,D-37,1177,Aw-52,,29782,0x2a4a229c4d748c2346963d0bb30c48cd11021aac,0x33d0d3c34d5c5fe3700d026fbed26536641a9cbcd72a3b00d1df5032c9452aa8,0xfaaff089fbbbe8bda61064492c0e370dfec9179a85477453aff6a635691d8a15,
1-chain,Oc-53,Ju-3,Aw-50,1193,Oc-53,,314138,0x45267fce911448314863a692e71138e1bc027f83,0x59fcbc02df618ae150ef3c729acb0be88fecfa605a4c37d13a3a71486b49b67e,0xf0ace2d5cdf8e5ce1cad223f512754782a12d19f12235740d7794b6cea4771a9,
1-chain,Xk-57,Ju-3,Nb-54,1205,Xk-57,,208630,0xef60eb826e254170dbcce1dddfbc58af0248ec5e,0xcc89246a793cd542776184f1fbfcba7ca00f99ec46747808d0b2dced1c6109f9,0xb394600a77528fd5eaa73af3474dbf79da026923ec477a671f1c023dd7fba7ed,
1-chain,O-43,Af-9,Xc-34,1219,O-43,,30396,0xbb9912d1081cdedba161d28fb5bb779c654677c4,0xd3e8fe16c04876674f83fcb6b54c798727c9a77636f747cd98c5b2320d2dcd95,0xd0477fc87baf3a229d422ec0a42b33c5d6ccc189883bf7da92e0cf8769d5d236,
1-chain,A-43,Pm-17,S-26,1223,A-43,,231079,0x89d66a41a8a4e24377801c4b0dc014a9b2e90a29,0x7fa89f2662331e0d185ce28b1b1ad0e8bf165505a3c42cd97accb15e25718a55,0x3fe95362659b983e65629948770916645f0fb02a9c71410d46a8e1b33592f43f,
1-chain,Hb-63,Xl-9,Nb-54,1226,Hb-63,,317985,0x45267fce911448314863a692e71138e1bc027f83,0xde913c7e73759de997d14bef12431dce0a2150aa1c7f4faf45217ea498548ec2,0x99a2599a1cd9eac63370386038627bd34a67b9069398ed5140be0bc4f0fcab03,
1-chain,E-48,Pq-14,Xc-34,1228,E-48,,166421,0x24c6bddaa8890b80e7693f0308b63153558edbde,0x42afebcc0186cb7e0b4acd4d00a16a85171cd1b13676c810349f5361330e8ced,0xe342484ae735d2ccfa8ab4faa2dc4361afaf0ce62d89f0bf81bcc2960f2c716f,
1-chain,Xl-12,M-23,,1240,Xl-11,Xl-12,22674,0x2a4a229c4d748c2346963d0bb30c48cd11021aac,0x6b1f210e85cb9fae9c9e7a1ff19c472814da8e206eb3e758e30b0bd435a594f3,0x6777ec3e99146321e3fed21878e663b9a3b299a5660bc9cfb198ab3ec10506c9,
1-chain,Oc-50,Zz-13,D-37,1246,Oc-50,,314128,0x45267fce911448314863a692e71138e1bc027f83,0x31846ecaeef5fd4b64bb6fe38454ae892c329b72e1d6b17fcb34e4562fff140d,0xdf0a0dbb29c76e72da426d191c50b00f70f0958bbb9ec5dd7ee92b898726c515,
1-chain,A-45,Af-8,Fj-37,1266,A-45,,30239,0xbb9912d1081cdedba161d28fb5bb779c654677c4,0xdd0514809fe27649e825978ff205e53a0170e988fb07fc2154eaaca96b4fde7d,0x07e26cbad37a0beca5ded658dbef0cc84f5423f4120f7e388332e2699108c5f2,
1-chain,Nb-50,Zz-13,Fj-37,1267,Nb-50,,30384,0xbb9912d1081cdedba161d28fb5bb779c654677c4,0x3f8d02658efc3dcd4696e1e6c522affcaeaeac989ff145160f0104d8953e1481,0xe3a4fb60dc95049b466f3c3ddf2425f5e8a1ee3cb249f74603b7484a75d4bc3d,
1-chain,A-48,Zz-14,Xc-34,1269,A-48,,231089,0x89d66a41a8a4e24377801c4b0dc014a9b2e90a29,0x9d5502e4e1a5cc218dc87d8858f31a6cfd60719e8f0e6fc4d22562b3e325b627,0x7113de827b8811a858ada7ab5392281fa2f74b137d8300d7060e671781f68bb5,
1-chain,Ic-58,W-4,Nb-54,1277,Ic-58,,28353,0x620051b8553a724b742ae6ae9cc3585d29f49848,0x7ad2d30a9f1a267326ff8d58a2bd9689726105868af8453b3062ecf07f3c1fae,0xed72301ec0613b07ff5bdc205f423b4b8a3233bbcad823b52fe21d61f4794974,
1-chain,Aw-49,Dx-15,Xc-34,1287,Aw-49,,314092,0x45267fce911448314863a692e71138e1bc027f83,0x15f532c17ed371a9c117cf57691c1d7a7ec4c6f560df101667821d8d662e1d41,0xe9ed9f2fd260c36bc71d727e550517979f5aff3eec8224f3ec33336ea5bb4b75,
1-chain,Aw-51,Pq-14,D-37,1306,Aw-51,,160505,0x380b95186e99074f374d2fb83445c838f7ccc203,0x6b86a13c2d2a1f689cbc31c6f440f7885022b45eb786b090a794969b4c57fc3b,0x50b993e2efd7970bae8dbaa308cd90e100472d2a548f95e1a7f2c9513ed78640,
1-chain,Oc-49,Pq-12,Fj-37,1316,Oc-49,,314124,0x45267fce911448314863a692e71138e1bc027f83,0x44a468d38aa1d00b99931f933332ed760bceb0d029fa50c6022a8eab140c2890,0xdf0a0dbb29c76e72da426d191c50b00f70f0958bbb9ec5dd7ee92b898726c515,
1-chain,Nb-55,W-5,Aw-50,1333,Nb-55,,314242,0x45267fce911448314863a692e71138e1bc027f83,0x951e8deb145c277e3897eaeaca046a8c2f1945fb8a0a5d677fc0c61b5a0066ca,0x343c8b8f4475145a6b66de7608ae1e4917d6d7700b586a0abbb77309e13e8294,
1-chain,Ic-59,W-5,Nb-54,1347,Ic-59,,317340,0x45267fce911448314863a692e71138e1bc027f83,0x1e44106cb08ac54e2e4a062602f9a72f29ea1e2c5ee70dde4d4fc8bcd9ef41a1,0x5a1d71be877e41613f37fa1f0aa32a110111c9d7a4ffb25dcb9401d79968e693,
1-chain,Yp-60,Xl-10,Aw-50,1360,Yp-60,,317157,0x45267fce911448314863a692e71138e1bc027f83,0xa1beaf0a0bb0530ed00616fb85a7ca3e89272d23d6edde7ea46ce44212e9db7f,0x26a14b1e1f58eec6ae9c63ebec4700f68d040241efc4b1a5cc1eb7361592188d,
1-chain,C-45,Xl-11,Xc-34,1361,C-45,,27921,0x620051b8553a724b742ae6ae9cc3585d29f49848,0xdd39eb7fb61420cbcbe4c19e4565aa7320f4c021634ed8c15b35e71e303ab633,0x07a39b266b0168b77b2c1d9f04cdd2bdf96ef7821372f52c3cd4ce8dd6eaac97,
1-chain,Nb-52,Dx-15,D-37,1369,Nb-52,,231196,0x89d66a41a8a4e24377801c4b0dc014a9b2e90a29,0xa6f3bce5e0ed7b8a6884e1cc210fbdc4b4067177501d8b6f0f7f06bd852fb56f,0x5cad82a60bdb53352c43a1b4c67e4c7276c63dc75fa72348559e4ce0d77a59e8,
1-chain,Nb-51,Zz-14,Fj-37,1372,Nb-51,,30385,0xbb9912d1081cdedba161d28fb5bb779c654677c4,0x060d739c68a54ee7a9a2e1991e416a9e62a9241454d942a32a3b59da5e7f9b45,0xe29614b92d91c61f0832d4efbca583b89dd10c3a231b479659c00296b7a22486,
1-chain,Hb-64,Xl-10,Nb-54,1373,Hb-64,,317987,0x45267fce911448314863a692e71138e1bc027f83,0x8f302a762a6c9b3e1f3be8171b518e3784b4500dd4e78b54dfbfb39c984d2ead,0x99a2599a1cd9eac63370386038627bd34a67b9069398ed5140be0bc4f0fcab03,
1-chain,Xk-52,Dx-15,Fj-37,1392,Xk-52,,314271,0x45267fce911448314863a692e71138e1bc027f83,0x0d6d7e2a892cf2980031e6f7fdde56258746ac96d61a4b43211478d36420b4db,0x24c380f869c3f3cd0887453552083239c5e137d7758f7cdb0ed6ac69dcea8ed1,
1-chain,Aw-48,M-23,S-25,1393,Aw-48,,314088,0x45267fce911448314863a692e71138e1bc027f83,0x2fe42497719e4a60b13787630fcad64cc8bee6574904875558e65db0c4a43364,0xe9ed9f2fd260c36bc71d727e550517979f5aff3eec8224f3ec33336ea5bb4b75,
1-chain,A-50,Fw-25,Fw-25,1409,A-50,,314061,0x45267fce911448314863a692e71138e1bc027f83,0x8932c33e4ec001af037dd2e7b7c70d747496e4e7ee87538c5fbede0b418efde5,0x38464611e1bcc081aa18f60036f9bd753e83b4af2b15fe75285d4cdf41143b72,
1-chain,Oc-48,Pm-17,Xc-31,1431,Oc-48,,314122,0x45267fce911448314863a692e71138e1bc027f83,0xdebdb1618d40d6ae16faeb10694d64386779aa4eadbdcee01de9d127797ddc4a,0xdf0a0dbb29c76e72da426d191c50b00f70f0958bbb9ec5dd7ee92b898726c515,
1-chain,Jx-65,Pq-15,Aw-50,1447,Jx-65,,30377,0xbb9912d1081cdedba161d28fb5bb779c654677c4,0xc7407fa8e0b5dce5379877972e92f8ac5465519b1ced7366a059f33aed2bf521,0x4e0589773965c0a0f43864b30b641239c3b6c329e37e508835caaa5f8a72ac49,
1-chain,At-69,Pq-15,Nb-54,1461,At-69,,30259,0xbb9912d1081cdedba161d28fb5bb779c654677c4,0x729bb22d890596a29d110f6de5f5e7279c2a5ede49d5c274fa11ab3bc4a94f9b,0x6a823c2dfc57ba70448ca2178a1a2e04e231699c4ce2be22af29331b16982752,
1-chain,Xk-50,S-25,S-25,1467,Xk-50,,33798,0x2a4a229c4d748c2346963d0bb30c48cd11021aac,0xd31599710650faa54af2b91e8e7cb4dd71348d6e671c2a5c641f9b483e612be5,0x80a40392139b16aa6428595878a8d230af33a9293de6a940e27733c3d0babdca,
1-chain,Yp-61,Cq-7,Nb-54,1481,Yp-61,,317161,0x45267fce911448314863a692e71138e1bc027f83,0x549cc85ff91816f55a32e304f77c9bb6f592eb51e3ade78b63b376b0bb688c88,0x26a14b1e1f58eec6ae9c63ebec4700f68d040241efc4b1a5cc1eb7361592188d,
1-chain,Xk-54,Pm-17,D-37,1496,Xk-54,,314273,0x45267fce911448314863a692e71138e1bc027f83,0x077ac79cf5a34793973d3a34b9a334b96a8cd23dabc6c1fb2941626393070d08,0x24c380f869c3f3cd0887453552083239c5e137d7758f7cdb0ed6ac69dcea8ed1,
1-chain,Ic-54,Pm-17,Fj-37,1520,Ic-54,,231570,0x89d66a41a8a4e24377801c4b0dc014a9b2e90a29,0x3a95f1f8c430b29921aa26407eb41d829824439be608d1741f15e4009e68d759,0x6a505bd31d6c59040bedfabc961effeaa6eeff4d4acaa431adff7cfad51ccf1e,
1-chain,Xk-51,S-25,S-26,1532,Xk-51,,101032,0x6eb1513df2e9ff8490d119ba7352607466e49f10,0xbd03900b33b4025efc64eb6c77130bc3abd61d14c9ee4b6fd5283fe87a8f1a48,0x5ed8e67f63d4262f71664e218dc293ccd074aad345da0690aa7f6fd2267c2dd9,
1-chain,Jx-62,Af-8,Nb-54,1546,Jx-62,,317186,0x45267fce911448314863a692e71138e1bc027f83,0x3ba5f562b3febba023737b39ff69c90fc875b42bae324fc163e6a80e1be8d9f3,0xc958cc3927362dc8ee6c1ec676610604ee4b3d900ebda5cbf82a386de92bcc43,
1-chain,Ny-67,Zz-13,Nb-54,1547,Ny-67,,318443,0x45267fce911448314863a692e71138e1bc027f83,0xf4ac2ce107b1be429d90103c1a27ab349bb728bb601475a96ea50d128ab36021,0x49694239d3bb35904e43cb95d0713f84f50075937e436317f1af8b5fda3f2de1,
1-chain,Jx-64,Pq-14,Aw-50,1605,Jx-64,,317189,0x45267fce911448314863a692e71138e1bc027f83,0x400fb108e3467509281cb397eb44320e2e4be470456b802cb932e0c4122f4dcb,0xc958cc3927362dc8ee6c1ec676610604ee4b3d900ebda5cbf82a386de92bcc43,
1-chain,At-66,Pq-12,Nb-54,1608,At-66,,318124,0x45267fce911448314863a692e71138e1bc027f83,0x98f0a20ac277eb7464d1b5613170ef1773fec48cc9cf13c08a1dc41b6ba61b48,0x1d3c3eae65e631dc5acc0a0cc5ca8656d4144ec42143688ec32c3ee2f32d1743,
1-chain,Jx-63,Af-9,Nb-54,1610,Jx-63,,317187,0x45267fce911448314863a692e71138e1bc027f83,0xae0819e722b9ec5b119624679385517f7cef5a95e9a76ebbd68008066419e8bc,0xc958cc3927362dc8ee6c1ec676610604ee4b3d900ebda5cbf82a386de92bcc43,
1-chain,Ic-55,Pm-18,Fj-37,1616,Ic-55,,317215,0x45267fce911448314863a692e71138e1bc027f83,0xf1d876380bb7f98796dff6d319812673d58e33456d452d1de01259f9efe4f6dd,0x578e6d1b28eb87bfd75460fe302b3aae9de55a9414fa0c4b8429a0e97ace8d9b,
1-chain,At-68,Pq-14,Nb-54,1621,At-68,,318133,0x45267fce911448314863a692e71138e1bc027f83,0x524b5647cb7039dbf29a3493e1654bd4a21fbf8b749b44223c28275fe77b58c2,0x1d3c3eae65e631dc5acc0a0cc5ca8656d4144ec42143688ec32c3ee2f32d1743,
1-chain,Aw-45,Dx-15,Xc-30,1658,Aw-45,,26256,0x2a4a229c4d748c2346963d0bb30c48cd11021aac,0x3848e560c08ee993075a67e802b6ef5a3ecc79af84bea7490aa852b9bc95ef73,0x7e51ca696314da5d551e40d90496d7331be6c64620b6d32a27278fbb6ab3beb2,
1-chain,Ny-68,Zz-14,Nb-54,1676,Ny-68,,318445,0x45267fce911448314863a692e71138e1bc027f83,0x01711cf566a04dace0639423759654f981b47a54c7cdfdecf2c16ef071b49707,0x49694239d3bb35904e43cb95d0713f84f50075937e436317f1af8b5fda3f2de1,
1-chain,At-65,Dx-15,Aw-50,1683,At-65,,318122,0x45267fce911448314863a692e71138e1bc027f83,0x6c413003ad43a9f9d7ee9097496c8bf0d2a851f9395f376e83ba705f631cb77b,0xb15e99b2bceda4b978a066329c698ddaaa7d8a30674fd6f0c24d78737ffaf85b,
1-chain,Pw-69,Dx-15,Nb-54,1700,Pw-69,,80502,0x7fe8e1fc90f6a49e0528574feeeeeeed5ccb3168,0x285f8da2c3ef981e3de092f6ed5fc5ab84ea99bcb806db2d03ecb029dae81c57,0x96a0176d16f298d68bd19f30f304a0ecda1a2657a39d3ea4c68751f8c17c8830,
1-chain,Xk-59,Fw-25,Xc-34,1727,Xk-59,,32474,0x2a4a229c4d748c2346963d0bb30c48cd11021aac,0x5f9573cf7968388415633440dca783efbbf2c1499d335244366577feaa327b39,0xb2ba9a1c69939eef026ad343d6b99a5d8fe9da4df8c8b711a3a17f217157f19f,
1-chain,Ic-60,M-23,D-37,1779,Ic-60,,231586,0x89d66a41a8a4e24377801c4b0dc014a9b2e90a29,0x85f91d27ded885a22b09ab639ad28990bddee9b8c7773098b2f3d7f41121c67b,0xb438bb38dd0cc3c8c4c5d0eb711d21eadb1a2c8ce2fbcc8565f5fe1958f52254,
1-chain,Yp-56,S-25,Xc-31,1793,Yp-56,,30860,0xbb9912d1081cdedba161d28fb5bb779c654677c4,0xdcfb62a5663e87ab0ed4365b050cdeb557c7acc9328fd114cb2c3cfd3040c5c6,0xd4b384d6ee4bbcaa019aa3e87b47e1661ff086d10f6fc215d905ca858cdbbfa0,
1-chain,Hb-65,Xl-11,Nb-54,1797,Hb-65,,317989,0x45267fce911448314863a692e71138e1bc027f83,0xfc57ddacc8b5930ac00d20e8971b6bae42c17b94c58c2d331dfc16930ec72a72,0x99a2599a1cd9eac63370386038627bd34a67b9069398ed5140be0bc4f0fcab03,
1-chain,Yp-62,Fw-25,D-37,1837,Yp-62,,317162,0x45267fce911448314863a692e71138e1bc027f83,0x9b5283081c499cb0b88d77c92b0fe31381394741e6dc3a57bf07349513692b12,0xefdea8ac5b03eee6e545601883dc20cd6042d699607b8be66ff7a30ca59ee3f0,
1-chain,Gk-71,Pm-17,Nb-54,1857,Gk-71,,325370,0x45267fce911448314863a692e71138e1bc027f83,0x5380f64047415dbd8cbc10da74dfac7a287ae17bd1a7349843e63b26b4a49fa0,0xd414129d595b0ee1ec152231e4b03498a0d01568d30afea5b9ff98195f87f236,
1-chain,Ic-56,Pt-25,Xc-31,1859,Ic-56,,30366,0xbb9912d1081cdedba161d28fb5bb779c654677c4,0xdb4d7c1eca29d9cac07593e0c937285d5df69d023360b617acce22af69bf8bb1,0xc9b5dc9f5e25e15b85e443f5c2822714b18411db1103fe0ee9abe666c0d357ae,
1-chain,Yp-57,S-26,Xc-31,1873,Yp-57,,317152,0x45267fce911448314863a692e71138e1bc027f83,0x8178b3111f6fc854ab980f30e80865ddc1beccb6e5fc8af75e76cb462abbe54b,0x26a14b1e1f58eec6ae9c63ebec4700f68d040241efc4b1a5cc1eb7361592188d,
1-chain,Hb-62,S-25,D-37,1874,Hb-62,,30358,0xbb9912d1081cdedba161d28fb5bb779c654677c4,0x1cd40bc1c5ad3647747036c770a64d94366f68a7f4605d6897b6172101765028,0xfac6d6f7ff3b217aaff0a44a772c55b0c4ce237d39a15d7c5e63ca313e08f9cb,
1-chain,At-62,S-25,Fj-37,1904,At-62,,318103,0x45267fce911448314863a692e71138e1bc027f83,0x31f7bc73ec27b5c156447a427a5fe766e7574c014c5c76687026cdcc014087e1,0xb15e99b2bceda4b978a066329c698ddaaa7d8a30674fd6f0c24d78737ffaf85b,
1-chain,Nb-49,Pt-24,S-25,1934,Nb-49,,314235,0x45267fce911448314863a692e71138e1bc027f83,0x5aa5a9fe4acb21209773d8f75b0090f93c02f39b91c99237e1d3bb7d6ab0a3c2,0xc59c63317402a493f01c7b85e15c8a94a938128352bfce1c7be0e2e0f62e13ca,
1-chain,Nb-53,Dx-16,D-37,1945,Nb-53,,314241,0x45267fce911448314863a692e71138e1bc027f83,0x9dac0b229c0bec0db1dbea648e004971926d41ded5c92a08ef09ed4e4293739e,0x343c8b8f4475145a6b66de7608ae1e4917d6d7700b586a0abbb77309e13e8294,
1-chain,Gk-72,Pm-18,Nb-54,1974,Gk-72,,30339,0xbb9912d1081cdedba161d28fb5bb779c654677c4,0x68fd22c27c82a7884c8dec76615ae4cbd1ac60bfe8e0f80128722caeec522080,0x9d59206487b90f1b97be0df0fc8db048416d0abe2cfd12446cd40c8d35f58013,
1-chain,Xk-53,Dx-16,Fj-37,1977,Xk-53,,25962,0x620051b8553a724b742ae6ae9cc3585d29f49848,0x1fb8b94940401daf9af1f6898c72084bb841f7e4030249dd52287f2db493d878,0x7c4595e6419599e4aa29cf363fc42654a2bf8f7e34445d53e3cfa841cd0c14e8,
1-chain,Hb-66,Zq-32,Xc-34,1989,Hb-66,,144495,0x1c3354d276b49fe8941a09b822a9100d50e88727,0x1006cfef9251423244adf51f843369708eb36651e7e2017c0d856861c3413846,0x8d7ad8c0a134e3e0459e19e13df301ce33623d08670c77aa525dd28c90c0da50,
1-chain,At-63,S-26,Fj-37,1990,At-63,,146214,0x1c3354d276b49fe8941a09b822a9100d50e88727,0xf618d91959bc11270b0c03f44af6ebe0da774448acf98b1b2bb4e27475f30dbe,0xb0229b995db97e973870453487d0e0138d311fd70fbdf84c3b574450101a1ca3,
1-chain,At-67,Pq-13,Nb-54,2024,At-67,,318128,0x45267fce911448314863a692e71138e1bc027f83,0xc7d9c390fd8f29491e984dbc102168e9e8da2289c40490d96022da71bdcfe16b,0x1d3c3eae65e631dc5acc0a0cc5ca8656d4144ec42143688ec32c3ee2f32d1743,
1-chain,Oc-54,M-22,Zq-32,2119,Oc-54,,151597,0x1c3354d276b49fe8941a09b822a9100d50e88727,0xea7bfc804766dd0b3f8f94bcec3d86ad5c1526adddcfb38015809a0ed1ada92b,0xa3420a127c70ef672672e8a529a3d1ab5290136b27b2a17d1ea76547a87cd1e1,
1-chain,Ny-69,Zq-32,Fj-37,2150,Ny-69,,318447,0x45267fce911448314863a692e71138e1bc027f83,0xd13899e42525a5373e07022a6f4a6dfd3b300959fe8d5bf28706d20788388cf3,0x49694239d3bb35904e43cb95d0713f84f50075937e436317f1af8b5fda3f2de1,
1-chain,Pw-73,M-23,Aw-50,2187,Pw-73,,321310,0x45267fce911448314863a692e71138e1bc027f83,0xafc20823c10d2f54c1146ad8ffdabb2f5a533e772890c07907b418877547e977,0x36d62124a8a572ead8f830e5afc6bf5dcce8cb24ef1ba011cd15b532dfcf2dea,
1-chain,Qi-77,M-23,Nb-54,2209,Qi-77,,30824,0xbb9912d1081cdedba161d28fb5bb779c654677c4,0x5a3683a6f1eb7b1e96d3530afed8a19bdb29e50acd78bddd468cf20b6abf3ccc,0x1e15fb7619a94324976d088befce7af50413ec5a3a53f8331953e88a331e97d9,
1-chain,Ny-71,Xc-34,D-37,2250,Ny-71,,114500,0xbc61b681641dc882039b5d156f063e4865997ca3,0xa3e76918fccc83065de50b1ad1c1a6c69935f4c352cb3fd1455688ade2c1653a,0x773901c07213504429df2a516527398f24d51699c4089bb532489949564adbeb,
1-chain,Nb-56,M-22,Xc-34,2254,Nb-56,,30389,0xbb9912d1081cdedba161d28fb5bb779c654677c4,0xed38e415aef964f84d58ed43c704bde428413651928eb96083d7525499fd041a,0x3b6e52936bbc81dbe8726824ab0f6f4e134b71f8b4ab11beb0856722cca505a3,
1-chain,Gk-75,Fw-25,Aw-50,2258,Gk-75,,325375,0x45267fce911448314863a692e71138e1bc027f83,0xfcbf0766ed253437f7a33506380ae4b4f3025364c86b8ad96381aefd7d839035,0xd414129d595b0ee1ec152231e4b03498a0d01568d30afea5b9ff98195f87f236,
1-chain,Yp-55,S-25,Xc-30,2269,Yp-55,,317442,0x45267fce911448314863a692e71138e1bc027f83,0x4be682c0f3e06d8e91e17508d76c6ae7ede84f2bc342921ea8a011948c21ce4f,0x202b35bc79f174a996694e0a3c23b01dd37444ec9189f75b562382a758689e4d,
1-chain,Xy-79,Fw-25,Nb-54,2281,Xy-79,,328678,0x45267fce911448314863a692e71138e1bc027f83,0xa329195f6cb7cb0d01681118dee029c17ad8f393cdbb117d6a61aee2750abc1a,0xeb4830ffe3829d9a55e82be24becc4835d2b70018f2768f64d96f97ebc343b1b,
1-chain,Xk-58,Pt-26,Zq-32,2284,Xk-58,,153017,0x1c3354d276b49fe8941a09b822a9100d50e88727,0x8afe60581fe03421708f26eb17fbb3214f1382133700acf26e939e7ce0fb3b74,0xc81b480ccddca3ba29b83de914f6f3c7a19e7b8d1c561632af64d15ed5c4a37a,
1-chain,Pw-71,Xc-34,Fj-37,2287,Pw-71,,321308,0x45267fce911448314863a692e71138e1bc027f83,0x0c7743f93f95c19b951e53d7dceeeff94f9887bf8080e79e27a06cda52f01897,0x36d62124a8a572ead8f830e5afc6bf5dcce8cb24ef1ba011cd15b532dfcf2dea,
1-chain,Xy-75,S-25,Aw-50,2303,Xy-75,,328662,0x45267fce911448314863a692e71138e1bc027f83,0x8962e359090945afc0231875d5300a818df322ea020dbdd39bf2606b0105abb1,0x3166cb41e37290f82a29bc2ac1a343b01e8a7d95b1dddad3b6605011a1a2001a,
1-chain,Bt-79,S-25,Nb-54,2327,Bt-79,,585908,0xf0e8112e911f5c27e2024214bec63263bbdfecb9,0xa3d3fc48acdca064dc1682b17af57de75114cdc4de5273a708386a643f55c931,0xb4e29f212787a12eb56766982dae4ac36833fbee1734f488ee1ac2c35f208c6a,
1-chain,Pw-68,Xc-31,Fj-37,2328,Pw-68,,30815,0xbb9912d1081cdedba161d28fb5bb779c654677c4,0xd1b8104bedb82b24c35415931e3c06adcea8aab16951df421b5762def7789db7,0xdab9bf05e67b87dbc2548193304611cef82b7acdba3f478da2d28362a976bf48,
1-chain,Zz-16,Xc-34,,2340,Zz-16,Dx-18,139981,0x1c3354d276b49fe8941a09b822a9100d50e88727,0xf85899d5c7336ab72e6a66a6788ac2644ab1252b2821d02eb6ed061ddcba3b6c,0xfb5d6703e2261c5777948ac040827627c0d61ac8119ab91fc586b7ec8dbaf162,
1-chain,Qi-75,Pt-25,Aw-50,2389,Qi-75,,231995,0x89d66a41a8a4e24377801c4b0dc014a9b2e90a29,0x6cdde303b77ccdd40d588fa9cb3f68bff04f104b1bda3b4f6604304a8af5b568,0x61aa4c5250945241ae885a904300be2a0a880f629ebe4ab0108c877e7ce689ad,
1-chain,Gk-74,D-37,D-37,2393,Gk-74,,325374,0x45267fce911448314863a692e71138e1bc027f83,0x9c6866cc025a27dd634e5c1a413b04548745b84324db6e3c3e61735f926b5232,0xd414129d595b0ee1ec152231e4b03498a0d01568d30afea5b9ff98195f87f236,
1-chain,Jx-59,S-25,Gy-34,2406,Jx-59,,317181,0x45267fce911448314863a692e71138e1bc027f83,0xe2aadda1659a1f9635bebc775361fdb3ca0632073cc825e00e0a54e4a8808f90,0xefdea8ac5b03eee6e545601883dc20cd6042d699607b8be66ff7a30ca59ee3f0,
1-chain,Xy-76,S-26,Aw-50,2407,Xy-76,,328667,0x45267fce911448314863a692e71138e1bc027f83,0x21798527b75219c3631342207394a70924c460950f69992399734c9d91141b7c,0xeb4830ffe3829d9a55e82be24becc4835d2b70018f2768f64d96f97ebc343b1b,
1-chain,Gq-79,Pt-25,Nb-54,2413,Gq-79,,30346,0xbb9912d1081cdedba161d28fb5bb779c654677c4,0x2ccde62600b523af81e89d8f32f995e71e7a481aea4cd225d81f9410acadeea4,0x9d59206487b90f1b97be0df0fc8db048416d0abe2cfd12446cd40c8d35f58013,
1-chain,Pw-70,Dx-16,Nb-54,2416,Pw-70,,30817,0xbb9912d1081cdedba161d28fb5bb779c654677c4,0xde3a8d2149cad6ace9be37e7d4e17c4e29ee3cf7c1f80a498c3ddaec400e1ba1,0x089a6b24dc9aadf2ade5675a5437fec34fadf50ffbbb36afcb829f74c23fdce9,
1-chain,Bt-80,S-26,Nb-54,2431,Bt-80,,333869,0x45267fce911448314863a692e71138e1bc027f83,0x2ae3fc76e30f6493690f9b0099d9df89bdb341d5b3ce7d19db583e7877044202,0x0e877f31f04bac52aea103935ab2e2f90395a7331d47ba4fa644e28ab8e4db48,
1-chain,Qi-74,D-37,Fj-37,2433,Qi-74,,325742,0x45267fce911448314863a692e71138e1bc027f83,0xd10310f6e336b743afe0947a23ca8f0882daf9f9cc9a0d952071e301cf4978e2,0x56b47c88afca74cebf6d1ff4ad58c405048efa6afbc8fa81d0282d4ef91a270d,
1-chain,Xy-74,Fj-37,Fj-37,2473,Xy-74,,532880,0x2ed9a264d70e2ee295f13a04ba88573f3bf12e2c,0x0726449926f90aef9e896ddf72728a54bbddbea766ecceff50cd169eb9cb4444,0x436a1669de5ebb5bff2f90f5f3209639a34acbe349e0b293c6a5a684e840445f,
1-chain,Hb-61,Pt-24,Fj-37,2512,Hb-61,,317977,0x45267fce911448314863a692e71138e1bc027f83,0x15aa6e083093dbb664951c03f8c769d997ed27acd04549722396415166e4d574,0x99a2599a1cd9eac63370386038627bd34a67b9069398ed5140be0bc4f0fcab03,
1-chain,Gk-73,Pm-19,Nb-54,2767,Gk-73,,325372,0x45267fce911448314863a692e71138e1bc027f83,0xeb74ed9eaaa4a566ad9192f22d84869d1d86a4ddde28652c665427f764a1de79,0xd414129d595b0ee1ec152231e4b03498a0d01568d30afea5b9ff98195f87f236,
1-chain,Bt-81,Xc-31,Aw-50,2815,Bt-81,,333872,0x45267fce911448314863a692e71138e1bc027f83,0xb5739167b38ccde6cdef423416a02beb9a6103a5c1263f36e468824f44045d21,0xd5771beb7705c8d554ee67f4ed1ca5a2301373df55899c191e54a4c883a11132,
1-chain,Pw-67,Xc-30,Fj-37,2946,Pw-67,,30813,0xbb9912d1081cdedba161d28fb5bb779c654677c4,0x93ba6a458c650a317542c72c2e04b78bb45cc0c3dd013419bd79498788d4e289,0x278b5b10ab7b5e5d2f3c85b882ad0b185907c0416b8047bca5a4eaa17ba62fa3,
1-chain,Pw-72,M-22,Aw-50,2947,Pw-72,,32721,0x2a4a229c4d748c2346963d0bb30c48cd11021aac,0x79258a4e602eae20d6ad513da2c7b788a74c63afdfa70f85cdb2a6d4c06cabf8,0xb20976c4f8c26359da080e959e6ed9f28960d9d932e5a8168490f88279f51ba6,
1-chain,Qi-76,M-22,Nb-54,2977,Qi-76,,325752,0x45267fce911448314863a692e71138e1bc027f83,0xad81d742633cb16fdce7146e262d1b7c6ebe239354c9545ad50d55b3538366ba,0x56b47c88afca74cebf6d1ff4ad58c405048efa6afbc8fa81d0282d4ef91a270d,
1-chain,Gq-78,Pt-24,Nb-54,3068,Gq-78,,333635,0x45267fce911448314863a692e71138e1bc027f83,0xe12da59de82c5f245bfd803c9cc7b1d1d6a3e9f5bbdcd2a0158044fdb12d1d33,0x36955ac3ed91e2e021a03ee65b6311b638b708b00273b93cbe1f73b148e15a6a,
1-chain,Yp-58,Pt-24,Gy-34,3174,Yp-58,,317446,0x45267fce911448314863a692e71138e1bc027f83,0x2aee3bdab16728922460a5e12031e50f414a3b89d77a38c6c11ad8d3d17dd2da,0x202b35bc79f174a996694e0a3c23b01dd37444ec9189f75b562382a758689e4d,
1-chain,Gq-80,Pt-26,Nb-54,3209,Gq-80,,333779,0x45267fce911448314863a692e71138e1bc027f83,0xd1ddf460c722a477b383f7530cb6c51ba086472e6256fb757c01e6e8bbad22b3,0xd79f4c004f415db166bec1692f6264826ea8b6d2c4fc586aa01132c3e82470ae,
1-chain,Hb-60,Xc-30,Xc-30,3509,Hb-60,,317974,0x45267fce911448314863a692e71138e1bc027f83,0x33b1de37e4bcf5a15c393fc28098c2ad3281d71e60c48bc62ed7c965d14f0527,0x512d3c465195e18789a907e4375c117f863fe66d1e6c2b2bae15acebf4f53553,
2-chain,Aw-44,Pq-10,Fj-34,806,Aw-44,,314263,0x45267fce911448314863a692e71138e1bc027f83,0x4f91cc3d8ae02e6391b056cf05e6268cfc55b9f3555868bc4f1f4cf85442ef29,0x8f7eddd6744575e6460c7e10b2a6e6e278ccba46ae8c7c5bcadcb0019d7a1070,
2-chain,Oc-46,Pq-10,Fj-36,875,Oc-46,,314109,0x45267fce911448314863a692e71138e1bc027f83,0x1256f5bc3754572892b8a716028f2b8000fd108105ea917808ad33f074639de6,0xdf0a0dbb29c76e72da426d191c50b00f70f0958bbb9ec5dd7ee92b898726c515,
2-chain,Ny-66,Cq-5,Jx-61,934,Ny-66,,581240,0x0078f37662af59eb8e57063f87c2f7d22f5388f6,0x4b6f69ab1453e3c7faf3d7a0a94c9415f773c4c6168ff0f28b3f939387ab0981,0xa0ae6fa5e35d016660e09fcb3abb28becf93fb2eb22e3a304e61755e1b4adeb0,
2-chain,Gk-69,Cq-5,At-64,947,Gk-69,,586771,0x0078f37662af59eb8e57063f87c2f7d22f5388f6,0xa9ff162bcbd5126acc1361408c3eaf164678e7ca331244b70b9fb6dcb92f5820,0xd43e7b04fd1f8f9edd892660e96a8ea57003523f2d803e131a9c83be1ed24b2a,
2-chain,Ic-52,Pq-10,E-42,956,Ic-52,,551790,0x620051b8553a724b742ae6ae9cc3585d29f49848,0x93f92805a46d41a3712fd5cf557bf33beea7458a8cea34af8f4779a63b269315,0xc9bee741f249adc29e08df0bc4a0dd7401e248f881f49482f32ade6c72652003,
2-chain,Qi-72,Cq-5,Ny-67,969,Qi-72,,325566,0x45267fce911448314863a692e71138e1bc027f83,0x46bb6ac9c44bd4796e9fef97868f73275f0fd6aac8fe954b18986cb0936768b5,0x063f5a148d196d89701f328bafa2136e7cdb27a9fbd808360f49b06873b7bb53,
2-chain,Nb-48,Ju-1,Oc-47,973,Nb-48,,550689,0xa235986f6acff6abda38a1037246f8bfd74c701a,0xe419ff0bc738e759b0f7ad16e50e1b9f2941166ba8f49df9d301e8cca7c5cbe0,0x933791b942ed67ec1bfed39432d0cd1f404175d29e0128e7582c4fd6f67d00f2,
2-chain,Hb-57,Pq-10,Oc-47,1003,Hb-57,,291803,0x620051b8553a724b742ae6ae9cc3585d29f49848,0xd35676040c76a0a49c1b96b9f71632b4183363cded38ca482db7a1b366a1d90c,0x050fd013ccc7f744ffc170efed812bf6001a176dcd009d934092f3867698c8ef,
2-chain,Ic-53,Pq-10,E-43,1011,Ic-53,,317489,0x45267fce911448314863a692e71138e1bc027f83,0xefc832342dcd77e376284f9680810c1c28dc2837be3b61e0025d602467ed3d67,0x5bc19b53b70cd8802fcfd63bb2986bbeaedff64c6aaf076bcdc9fba43b798150,
2-chain,Pq-11,Fw-21,,1133,Xl-10,Pq-11,305866,0x45267fce911448314863a692e71138e1bc027f83,0x4bea23940552499457cfc0471dc06dff4023a119a93d05a33422e151eb9cb0a9,0x323597f7f137278393e1639a128da9c3b645b93e9d356f219977eaf67cf9bc3c,
2-chain,Ny-65,Ju-1,At-64,1160,Ny-65,,318352,0x45267fce911448314863a692e71138e1bc027f83,0x888a771144a209d71f0b777e69ab79556c89b0280be5455cb0a642bce48f0fb4,0xd7ccfce2d8b257b1e465130dcd597c74aa2b71f507511abb03c2b91212b68099,
2-chain,Ny-70,Ju-1,At-69,1167,Ny-70,,318381,0x45267fce911448314863a692e71138e1bc027f83,0xe885b110555279c8dd6ef8f497ad33111269de7515b92b40eecb1e90d6fb2464,0x7e1f52922db01b50df2c32d78d53738a1c2e0627567a7af3890db7748f60703f,
2-chain,Jx-58,Xl-9,Oc-49,1180,Jx-58,,317562,0x45267fce911448314863a692e71138e1bc027f83,0x21c9be877166184e5db9e210369bbc3ce85b9f72f6ef5d23bbf8018f86e6ca65,0x593ed3cf662a1b7f8c3ff6621c4b4d4f7cb43e274672b8e36baf031db22597c8,
2-chain,Gq-74,Pq-10,At-64,1197,Gq-74,,333619,0x45267fce911448314863a692e71138e1bc027f83,0xa52d3e4fa89dc3a9cecca2d75009718d7933a8472daf479b6b5bc9c0ac9c5e8c,0x6977208a73b49bce2f6ff6a2140113b6f6e1cff1a0d6d0c3f972e6502e0f2031,
2-chain,Xy-73,Pq-10,Hb-63,1201,Xy-73,,569268,0x0078f37662af59eb8e57063f87c2f7d22f5388f6,0x80ce03259d8c7f169bf38ccd6ae5a7d7e75df3d6788a9aa4ae18c5959422747d,0x05b28a4322b5e2416e73233945107ce009f9899fb8e4e4bc51535523d175b379,
2-chain,Nb-47,Dx-15,D-32,1230,Nb-47,,306180,0x45267fce911448314863a692e71138e1bc027f83,0x040230035eaa2d902de20c623dbf10df5804ce54a55806ef8292559f1fbed012,0x4bffa77c5806ca6f9f97c7beba0a9eda28d0b775763def5505eac3cc2cd4352a,
2-chain,H-79,Pq-10,Pw-69,1247,H-79,,334808,0x45267fce911448314863a692e71138e1bc027f83,0xb446c4a5229123b0847d05170c46359eb959bb6735881585ccc5f6beef018c0f,0x5d77d229e02d31d5ec916930537d86863a8fd7b93bdb12f37f76d83cbf060efb,
2-chain,Yp-54,Zz-13,E-41,1330,Yp-54,,586887,0x0078f37662af59eb8e57063f87c2f7d22f5388f6,0x1b4cf6518ebda18c2da83c1386412138a060977cc24db6e40ef4c16960061fcb,0x61c84d6f0f60e2759919320d39ae5bbea7a6ada33dff14297b61c906546229ff,
2-chain,Ny-72,Ju-3,At-69,1334,Ny-72,,318416,0x45267fce911448314863a692e71138e1bc027f83,0x5e631814f5c724d189869d9e60b0df9926bc662883ee9bf3eb23d9fd13ed7e7d,0xeafac967f714e4b73984cf4f985d33f2601354f0aecba6b2a1a7a7d3ef1d46ba,
2-chain,Yp-63,Pq-15,E-48,1336,Yp-63,,561320,0x0078f37662af59eb8e57063f87c2f7d22f5388f6,0x7bd5cb1105e06c1b34a3193ab951e6645eee4715304f9fc2a4bf1949f179b6d7,0x877fe21a03601940411c8774b1d2b9dd7b145a9cb265c273a1ff92951fe0e43f,
2-chain,Ic-51,Pm-17,Fj-34,1375,Ic-51,,291978,0x620051b8553a724b742ae6ae9cc3585d29f49848,0xca50c3f2a41822287a06516509f9248b4562256273ec46de7c82f88a73733ef9,0x9c0e570bc056c27cadc6764cf595f0bc056ffe4bc2632accc90c564537777e5d,
2-chain,Hb-67,Pq-15,Aw-52,1381,Hb-67,,586760,0x0078f37662af59eb8e57063f87c2f7d22f5388f6,0x6ee310871c820c70935a5c1a910af19febd18fe662bf9639b533c8af064f193b,0x01f08c6764a6ca03080037aa4b56278ff28bb07704836fafa3bda15450886ef5,
2-chain,Hb-59,Zz-13,Aw-46,1434,Hb-59,,586730,0x0078f37662af59eb8e57063f87c2f7d22f5388f6,0x7de86bedf0db01fea0e01eadea5d571ab3812901d8c1cce31e1190390fad09f1,0x07cf25940353a9e4a0435f4bc95bb4002ba12f3993ec1ae5fb280fa00a62e569,
2-chain,Gk-70,Xl-10,Jx-60,1473,Gk-70,,325416,0x45267fce911448314863a692e71138e1bc027f83,0xf7edc9be70aadfc57322c12cc595dde30693c35dec09f519c89213d448b2d14f,0x1f81e3f2bbb60981d85212e5c11ff6cec9ac82ef831f804e5acd8a311466354f,
2-chain,Pw-74,Pq-15,Xk-59,1498,Pw-74,,551907,0x2a4a229c4d748c2346963d0bb30c48cd11021aac,0xa04d1d6542638437e9f85b26936ebeac1b41693b221151f53d1133aac9551aa5,0x44aee52d33a8225b874b00e2b9fefec8d65d4bdbe0cfcc4693d982fb08fe3bf9,
2-chain,Qi-78,Pq-15,Jx-63,1588,Qi-78,,325780,0x45267fce911448314863a692e71138e1bc027f83,0x69ad54eaa564a262bac960cd6a4108a6b007f622974d58033eb86cb892d5a00f,0xf28bf72276186032fd0fffc65e65b27a9ab411bb4352a8563d8d66ce9db2171d,
2-chain,Bt-77,Zz-13,At-64,1703,Bt-77,,333864,0x45267fce911448314863a692e71138e1bc027f83,0xd98341f5e34867ed459cf73276701455e9054cf5cca597f2b8a6a50b923295fd,0x0e877f31f04bac52aea103935ab2e2f90395a7331d47ba4fa644e28ab8e4db48,
2-chain,Ny-63,Pm-17,Aw-46,1723,Ny-63,,231892,0x89d66a41a8a4e24377801c4b0dc014a9b2e90a29,0x328bbd1d4cb02e7e860af7de1a17f1cab62f3f7d762d3913fa229621f3af3b18,0xe4e4ef1ae6133c5f3c447ffbc7b5b321472b8ebca4bc1fcaf510ed18ecc411ff,
2-chain,Jx-56,S-25,Gy-31,1736,Jx-56,,138637,0x1c3354d276b49fe8941a09b822a9100d50e88727,0xfa86029d97dd53c9360cbbefc28cf063dab5997e2aa17caa4ad4b97c001d70a3,0x6ac5292acf1762cad392c5b5c255f62fa0cd6d816af6bc900179efa0c24f13fa,
2-chain,Hb-58,S-26,D-32,1758,Hb-58,,318028,0x45267fce911448314863a692e71138e1bc027f83,0x6564553f1f8a84ad23b7ef7831e77ddd2287351a4a2e2380964cb1dbfb59fa56,0x512d3c465195e18789a907e4375c117f863fe66d1e6c2b2bae15acebf4f53553,
2-chain,Ic-61,M-23,D-38,1764,Ic-61,,142070,0x1c3354d276b49fe8941a09b822a9100d50e88727,0x1be0a00c47c43028ab42181dd1951d1c2053d8622671bc6338e87efb4f3e9c20,0x7969711c4d07b82c68e40d32cdb70b109aee13245e4133b5e066521773c25f0d,
2-chain,Gq-76,Pq-12,At-64,1769,Gq-76,,333627,0x45267fce911448314863a692e71138e1bc027f83,0x21b7222d0e8a29fa3cc02d34a02ac83ea78dd5df7095d3eb9b6f5a345bc8f464,0xf339efdf66f1e0a42923704db90e79a9555e3b6a4445632b028b37321fa6aaa3,
2-chain,Ic-62,M-23,D-39,1790,Ic-62,,317495,0x45267fce911448314863a692e71138e1bc027f83,0xa43c2481e29f69aec208ca9fff5aa2ccf5d5546abc1eff5f8b3875bf466f1c48,0x5bc19b53b70cd8802fcfd63bb2986bbeaedff64c6aaf076bcdc9fba43b798150,
2-chain,Jx-57,S-26,Gy-31,1814,Jx-57,,157645,0x1c3354d276b49fe8941a09b822a9100d50e88727,0xb3f6775a0e83955b29d5bda54fb24bcc79815054e127bffab8afb41417e6c464,0x1dadfa53b6d30433248c7cf59c98869333e004a1c82eacd7509f8cc0b01a48e7,
2-chain,At-61,S-26,Fj-35,1874,At-61,,318209,0x45267fce911448314863a692e71138e1bc027f83,0x885ded63470eedefba67a2a62ece5ecf9947c2d1a512d5a20511cfa0e25c78db,0x15af27570651b19c5a9cff7516a68cc6aa8a255edcaa6af45181f0360ca6d865,
2-chain,Ny-64,Zq-27,Fj-37,2016,Ny-64,,318345,0x45267fce911448314863a692e71138e1bc027f83,0xd24574021bb7d7d4cda45ba76efd71a074d4f158280a446c35cc4689dea2f1a3,0xd7ccfce2d8b257b1e465130dcd597c74aa2b71f507511abb03c2b91212b68099,
2-chain,Qi-68,Fj-34,Fj-34,2023,Qi-68,,325523,0x45267fce911448314863a692e71138e1bc027f83,0x0e1ab51f5300471785ba1247620edbee2ff5fe1532014433af1a2cbf7d1c32aa,0xe20e7d73fe09ce08ae3e8488f018e58752b5a40f9efdb2a1f35a226cac78e43d,
2-chain,Gk-67,S-25,E-42,2044,Gk-67,,325405,0x45267fce911448314863a692e71138e1bc027f83,0x75c60857d50ec47511a89bbb8eaef77911c65b9076916ae59d66f05ad47a5a85,0x1f81e3f2bbb60981d85212e5c11ff6cec9ac82ef831f804e5acd8a311466354f,
2-chain,Pw-65,Xc-31,Fj-34,2106,Pw-65,,321339,0x45267fce911448314863a692e71138e1bc027f83,0xb68c2ec39ef5afc2f7dbc524139a061513c0e4293b0c011efc764b471c4fbb97,0xd52042b6cd311c983f588861f55a51159ddddaac7781730272816214370b4ed6,
2-chain,Qi-69,Fj-34,Fj-35,2107,Qi-69,,325530,0x45267fce911448314863a692e71138e1bc027f83,0x4912db7f6a1eead7bb8cc56b522fdd21d466c43d4814167f3d2d856a54e718b5,0xe20e7d73fe09ce08ae3e8488f018e58752b5a40f9efdb2a1f35a226cac78e43d,
2-chain,Gk-68,S-26,E-42,2136,Gk-68,,325408,0x45267fce911448314863a692e71138e1bc027f83,0x535d3a2e6025bdfe21c2317bafddb6347f7f6f7147f6c61a50b5b28d7d3ccd60,0x1f81e3f2bbb60981d85212e5c11ff6cec9ac82ef831f804e5acd8a311466354f,
2-chain,Gk-77,Fw-25,Aw-52,2146,Gk-77,,146124,0x1c3354d276b49fe8941a09b822a9100d50e88727,0x41e7a3ed552bead8f027a8cdea120ea8415fc3b985842feb50aa39b6900f9f4f,0xe320d502da62e9f9003287c3651348f4ead355fa0924846a5c19448b1aa2012b,
2-chain,Pw-66,Xc-29,Fj-37,2167,Pw-66,,321358,0x45267fce911448314863a692e71138e1bc027f83,0xf12f0e1a233e68aab843c5dd08254b97d08afd05ef2aa46eacaa4633f00a41a1,0xd52042b6cd311c983f588861f55a51159ddddaac7781730272816214370b4ed6,
2-chain,Qi-71,D-37,Fj-34,2201,Qi-71,,325558,0x45267fce911448314863a692e71138e1bc027f83,0x365b00ea77e08fb415c13e1f5c72f0ae6e048ab0fbe1e01e35006e3a3e368dcd,0xe20e7d73fe09ce08ae3e8488f018e58752b5a40f9efdb2a1f35a226cac78e43d,
2-chain,Qi-73,Pt-23,Aw-50,2212,Qi-73,,325600,0x45267fce911448314863a692e71138e1bc027f83,0x11a47465216ee1424981b209fdf2e8683f834d817b6b3bda312b9fe1d9ba3e60,0x063f5a148d196d89701f328bafa2136e7cdb27a9fbd808360f49b06873b7bb53,
2-chain,Bt-74,Fj-34,E-40,2215,Bt-74,,333835,0x45267fce911448314863a692e71138e1bc027f83,0x8d8a3beae707e4bb016fc2f0deb7f481682b4793f99aba7c37e99f219939dadf,0x5086f1c5238d3f8eb4c9182a4fd3ef2ec0c41e547ce54944a07f7344293c166c,
2-chain,Gq-77,Pt-23,Nb-54,2234,Gq-77,,333671,0x45267fce911448314863a692e71138e1bc027f83,0x35c272300f5c18a2c315665a62cf0acb55d8d50face3f85791aa713c5642f380,0x2f54b5cbbee0bcd408a93cc70735aa20304de606ea61644d74e6120d02a1b527,
2-chain,Ny-73,Xc-34,D-39,2266,Ny-73,,552599,0xca3575a7764ec76659ee66b4d191acbe7a25a210,0xd675fd8072971119582019e87f5cb963752cc69e8b0ae7c449c8dffb8e4599d7,0xbc2af4fa6ec844e70504916cfed46651118095ace0143a8696cbdaec770f9bdb,
2-chain,Qi-70,S-26,A-44,2276,Qi-70,,325536,0x45267fce911448314863a692e71138e1bc027f83,0x2a271b643e57fcc698a37e346fc71245f186a06616cf7f4fafa97f7e00bcd651,0xe20e7d73fe09ce08ae3e8488f018e58752b5a40f9efdb2a1f35a226cac78e43d,
2-chain,Xy-71,Xc-29,A-42,2297,Xy-71,,328701,0x45267fce911448314863a692e71138e1bc027f83,0xe823af7fe319c861845dad30d7308b43a0acff8fb4fdf54342bd2121f7f13742,0x587bcd7ad1b6e95a12abf43895ae1e2bd6b66196faa271df1b37f91017c51d0f,
2-chain,Xy-78,Fw-24,Nb-54,2301,Xy-78,,328712,0x45267fce911448314863a692e71138e1bc027f83,0x760be55fd778608d72f008698a921db4d3a459ee7ab88ec85c87d34bca2f29b1,0x500494065e848884dc0225c9cf91799b5ed910a38f94bb6b6fc1172c9d08bf8c,
2-chain,Bt-76,S-25,Nb-51,2316,Bt-76,,333861,0x45267fce911448314863a692e71138e1bc027f83,0x94ad3a3d287bd83b8843aaf29d50a53e5f42c661e4b5cbde148d69df950ff71b,0x0e877f31f04bac52aea103935ab2e2f90395a7331d47ba4fa644e28ab8e4db48,
2-chain,Xy-72,Fj-35,Fj-37,2330,Xy-72,,328706,0x45267fce911448314863a692e71138e1bc027f83,0xda7dee876d562f7ea81119e96f956b864c46e81d05da9844475269b44e366d57,0x587bcd7ad1b6e95a12abf43895ae1e2bd6b66196faa271df1b37f91017c51d0f,
2-chain,H-80,S-25,Xk-55,2407,H-80,,334813,0x45267fce911448314863a692e71138e1bc027f83,0xb8547b17368da5b5502ee3e14c373a5026ce1c000498f8f47797b19b28d1f3b9,0x96ab6ee8824e87d69e176a7ec29cfb2fc6ac9cfd26bdd439dbc8b8239e428793,
2-chain,Gk-76,D-37,D-39,2408,Gk-76,,325418,0x45267fce911448314863a692e71138e1bc027f83,0xabc05c043763711032e72997a5731886d4f74a31e82375bf69be258bf3fe1dfd,0x3382200c67b63b25a2b7fdb8a8becbd1e052f69561e93e4e21e81d97f592e15a,
2-chain,H-81,Zq-27,Nb-54,2463,H-81,,240882,0x89d66a41a8a4e24377801c4b0dc014a9b2e90a29,0x433108673acdc986ebe3d6d898a1a76c5b725ca278c837c913ee4311fbbe99fa,0x7e89fb6858129da010acc0b85c4bc1cebf014f7a905d0a6b523136e83ccb590c,
2-chain,H-77,Fj-35,A-42,2476,H-77,,333963,0x45267fce911448314863a692e71138e1bc027f83,0x32d4f26ecb5f576748a44c136f3ee8f20523dd1732c602d257dd000b78f22953,0xe62e69a487034395079274b5f624e1bfa700511b99ca3a0074ea16b6f6f44af5,
2-chain,Ua-85,S-25,Jx-60,2496,Ua-85,,462323,0x3c55d854935174e1fbdea488bd4fd23ae1724f9d,0xaf16484d0691da2c5c73cdf0dba1e61280447cfacb9992e809f853635c0ea99e,0x131f8d3490361fd74c10dcab0dc4901f8c24654b22948c6d9beed17b5a2177dc,
2-chain,Bt-78,S-26,Nb-52,2504,Bt-78,,333874,0x45267fce911448314863a692e71138e1bc027f83,0x6173febe1fc0d916a714c018f4106021bbc1f01e022ea388b3fbc35a3da1f8f1,0xd5771beb7705c8d554ee67f4ed1ca5a2301373df55899c191e54a4c883a11132,
2-chain,Sq-84,S-25,Yp-59,2505,Sq-84,,208395,0xef60eb826e254170dbcce1dddfbc58af0248ec5e,0x0efb7e2579a1af50b6302be6f1537d64d7471041dd4035b360b86942df0b2cf6,0x99631617dfc8da2d5d1de706505b15da7368ffa16845069530876cc161b172f8,
2-chain,Sq-80,C-38,E-42,2547,Sq-80,,334827,0x45267fce911448314863a692e71138e1bc027f83,0x912682ce410f5f296f4f1ddeef7d7d501189df1e734532c9c0aaf8537675efef,0x7998fbc9cd47a72688e1593088f7bec7a239429e5710ab18dcb593850e3cffa4,
2-chain,Gq-75,Fj-37,O-38,2548,Gq-75,,324960,0x421ddf6d5c8522efe81456597a0a9b290cbc2d86,0x49dceba0daab1b3f71e1e4d19fb80c6b0197a4504f5fd96be21be89dc9f5444c,0xb1752d2e993c26028c1bcfcdf8e414293812cde99d4fd09e98a272e26d17d692,
2-chain,H-78,Fj-37,E-41,2578,H-78,,334814,0x45267fce911448314863a692e71138e1bc027f83,0xf7d3630e2f0e4ae848c85759c6b0f71b72b408e25c88535d3f349e6e98dec7a8,0x96ab6ee8824e87d69e176a7ec29cfb2fc6ac9cfd26bdd439dbc8b8239e428793,
2-chain,H-82,Zq-28,Nb-54,2612,H-82,,334824,0x45267fce911448314863a692e71138e1bc027f83,0x235bb7205dcb017423b6731ac0cd04db155a15207f6ad32f93a7ee5cc8ac6b20,0x7998fbc9cd47a72688e1593088f7bec7a239429e5710ab18dcb593850e3cffa4,
2-chain,U-79,Fj-37,A-42,2622,U-79,,334792,0x45267fce911448314863a692e71138e1bc027f83,0x8e292a75345b7bc11ba3e223fa83b734e0e7e9da8448dc34a9195098bc96a583,0x4d8b07198c664889b34b6b0a6160df9ffde3a583f92e7dbf0f1c8f3fe0410f89,
2-chain,U-82,D-32,Aw-50,2642,U-82,,90300,0xc1672ff2720a70509c8b9a9bb6524fbdc111b9e1,0x02b2a2455f527e41c3cfff9b248ca89b4049d30884aec3604748c0e424c0ae65,0x0090d00a0c3f2c505823883292b570df35a64ae40efca1ec881a133f737098cb,
2-chain,U-83,Xc-29,Nb-54,2647,U-83,,232302,0x89d66a41a8a4e24377801c4b0dc014a9b2e90a29,0xe5b7bca116fee4f6be6b681596b1160282aaabcd8b90a99f463d964d632e2444,0x2f436fbbcb58c7edd2f6205825ca4c0a0ffe53c5e264de0fb4f31bca50aa9be2,
2-chain,Sq-81,Xc-31,Xk-50,2652,Sq-81,,334879,0x45267fce911448314863a692e71138e1bc027f83,0x3f20ca3efd67e2c27ff7a4410fa61f795a890ebdd3c17f8616cc64a7c3e5fd79,0x55453b9b9ffffb7f0abd6517b2c680cfe29db938bd13c964e09f93334b7533f4,
2-chain,U-80,Fj-37,A-43,2726,U-80,,334793,0x45267fce911448314863a692e71138e1bc027f83,0x1f85eca3ce61e12323e156142a6f9316d57304323596065e3425b7055fdf056d,0x4d8b07198c664889b34b6b0a6160df9ffde3a583f92e7dbf0f1c8f3fe0410f89,
2-chain,Sq-82,Xc-31,Xk-51,2741,Sq-82,,334853,0x45267fce911448314863a692e71138e1bc027f83,0x3382de69edd4cdbe5a5275b6a001c963d143f013f410681bcfbdbe1bfab3bb2f,0x6eb8c1e3ba5f844466c57bf7fdc7617d5130e37a6c968672006f46403d2b13ef,
2-chain,Ua-84,Fj-37,Oc-47,2785,Ua-84,,312481,0x45267fce911448314863a692e71138e1bc027f83,0xd2fe62253c0c821c99b362ab8575964f35a336ffa1212ba19da99d63ca4a1c4d,0x6721a5b40479790b592c3493f8e4b64fcfd684f5ec63d27e4e85caaba5ae4cca,
2-chain,Sq-83,Fj-37,Aw-46,2793,Sq-83,,569286,0x0078f37662af59eb8e57063f87c2f7d22f5388f6,0xc4f72e4f8ea9cd1cd2d0a97f754031dafb5f902b45dd264685f989e4cbaaa311,0xa8e210f250b847cabdf43664af6a552fd04a9df81125c5b1d76ea17027bda831,
2-chain,U-81,Fj-37,A-44,2829,U-81,,334794,0x45267fce911448314863a692e71138e1bc027f83,0x3759b592f4b765bea96e98849657892532a2caa62525ad7712bf400c8219eaa4,0x4d8b07198c664889b34b6b0a6160df9ffde3a583f92e7dbf0f1c8f3fe0410f89,
2-chain,Ua-83,E-41,E-42,2829,Ua-83,,304821,0x8951a770cc35348eb8b23f505687c02a044d51d3,0x6ad31f2d09149b99af4f3e4a79aeade5df93aab88b83a0afeb47eb44b769f46b,0x3cbdd102bf2e6ca2b8da83d9b62b51e6c738af436de56cb2b5c60c6bb3e60ddf,
2-chain,Dx-19,Fj-41,,2980,Dx-19,M-22,23235,0x620051b8553a724b742ae6ae9cc3585d29f49848,0xc3da9d10ead832a7253a7e261d96360d9ad6338679e80c99348847490f8e327a,0xf155cd5635ff8ac4dc415acd511188c29d7e702f725f11d74e01ed0654ab809f,
2-chain,Xy-77,Fw-23,Nb-54,3002,Xy-77,,328711,0x45267fce911448314863a692e71138e1bc027f83,0xfc225f92a432d6fe68db1534dd89f3c5639b7d1c1e268cdd07cc79918ebff097,0x500494065e848884dc0225c9cf91799b5ed910a38f94bb6b6fc1172c9d08bf8c,
2-chain,Pm-21,C-45,,3469,Pm-21,Fw-24,306179,0x45267fce911448314863a692e71138e1bc027f83,0x9647836e307ac1567f6c67152d3e0447254a85351905d21185a0987a94cc21b3,0x4bffa77c5806ca6f9f97c7beba0a9eda28d0b775763def5505eac3cc2cd4352a,
2-chain,Fw-26,E-48,,3890,M-22,Fw-26,29887,0x2a4a229c4d748c2346963d0bb30c48cd11021aac,0x8ca498b3befe069f87b28fd5b6bb5b63e03187c3d18653d37e6c1247b87f2aad,0x295e13d94a310ab658f4888077ec36d5e924027521eab240562e3a89e0449f00,
2-chain,Pt-28,Aw-52,,4291,Fw-24,Pt-28,31777,0x2a4a229c4d748c2346963d0bb30c48cd11021aac,0x5d1b03de5659e34910c79c668c2d6cc58d50cde1c14dd8434e781a8d9ddd3409,0xe34f5b6ac9b4b06b79b1f1c3f15b64535f74c79f2b7afe4fa85ec90c395d6214,
2-chain,Gq-72,Fj-34,C-38,4538,Gq-72,,559776,0x0078f37662af59eb8e57063f87c2f7d22f5388f6,0x3d9dc2349bf78a814d529d4d6a6d1453dd5c9067cb5c171d3cf80c80af6aee7e,0xda2337884be2ea5ce461b5aa9b4db37c5112afc69c03fa4b2bcecee7b055f017,
2-chain,H-76,Fj-34,A-42,4753,H-76,,559775,0x0078f37662af59eb8e57063f87c2f7d22f5388f6,0x6d010d71fe41aa21c2bd903cb23b7199a60d03444822a7bd5e5277f3ec49cf10,0xcc512bfc4e2d7c0c17cea93a207f17c5ec332b621717846650bee8370da28204,
3-chain,Af-10,Dx-19,,804,Af-9,Af-10,28408,0xa5853acc604578129c12ed6439720fa0946ada1e,0xbed8764746f33f9d13dfb495557fbc14098843317e6acd3db8eb750044d62e0c,0xdce2032a97036b489896ae2677ed5b5effdaf0462eb20a2fc7d1025dd1afead6,
3-chain,Ny-61,Pq-10,Ic-51,1015,Ny-61,,26670,0x620051b8553a724b742ae6ae9cc3585d29f49848,0xa225076e8d5c664af55b6e2c0780b73a2bc41d34e983ba2093b42db8912624ba,0x6f5b86445fba52621d96d8d9d8fbf4b7725cf797f374a375636bf1125164927d,
3-chain,Pw-64,Af-7,Hb-57,1047,Pw-64,,321335,0x45267fce911448314863a692e71138e1bc027f83,0xe8234846491f05c0190a216b5c5b3ca3dce3397a67f45eb76a4a79df70bd2ee2,0xd52042b6cd311c983f588861f55a51159ddddaac7781730272816214370b4ed6,
3-chain,Ny-62,Pq-10,Ic-52,1060,Ny-62,,227056,0xce92c7e0fbc168f7d8f3be3cc19e185e14fa52df,0x83d83bbdb5941d29df7549e6830333a08976e08576c64034d0ec52c12bd62a8f,0x892c6aec78e591e8804584bb36c03bf181388ca3428a5f1069bc273f9637579c,
3-chain,Qi-67,Pq-10,Hb-57,1085,Qi-67,,33265,0xf8d0c9f300d0649861963ebae0bb568533619448,0x5b640ef977c25c89a1c709c93a1ebc3cebd3ff150eadb30d4329017dcaf520f0,0x8f3d204fae334ea9ee75e362a7b1072d6d2f3d023216e930c9c7fc255c108259,
3-chain,At-60,Xl-9,Ic-51,1144,At-60,,318206,0x45267fce911448314863a692e71138e1bc027f83,0xb3bf3337b7ad3a82153ccd54ef7d06d101b880e24d6f6eca68cd67bf283ff8db,0x15af27570651b19c5a9cff7516a68cc6aa8a255edcaa6af45181f0360ca6d865,
3-chain,Gk-66,Xl-9,Hb-57,1222,Gk-66,,325433,0x45267fce911448314863a692e71138e1bc027f83,0x80a3af520e63733c547ff4c73b7dc09531de5e33fa5b83cd1c2b3093a36f6818,0x48a4ebd49fc82fec7343e82b96f9d87ef1f89ddbff620a90f7e8cff118c89496,
3-chain,Xy-70,Zz-13,Hb-57,1542,Xy-70,,328743,0x45267fce911448314863a692e71138e1bc027f83,0x50c046634e8762f206559ab6030dca10f4fec198693cb798e388d086c40347bb,0xcfce3addfb0a4dd9bb753fcd33ac24ae7cdcafc789d8557658c19223fbf2234f,
3-chain,Bt-75,Pm-18,Hb-57,1970,Bt-75,,555609,0x0078f37662af59eb8e57063f87c2f7d22f5388f6,0xfb4cf3a54f83928cab1cb007cc1576687cf021982ccd67dab3289b66187e8a8c,0x7dc4428910a86f979117e92bf345626544852b44f9564ebf7194a46b7b899b0c,
3-chain,U-78,Fw-21,Hb-57,2173,U-78,,156539,0x1c3354d276b49fe8941a09b822a9100d50e88727,0xb1c142fc015de41806fa7b69037c76586f08ad96cd65e9504db9150d043e7f56,0xf803cb62051515e5904b184b875a9b59027542bceae058bc1a62c2119809091d,
3-chain,Sq-79,D-32,Nb-47,2369,Sq-79,,569086,0x0078f37662af59eb8e57063f87c2f7d22f5388f6,0x455f54a5394738f8ee4e7cf5f67061aded58af26efaaf38cb173e7fa0e5f34b1,0xfca4da0d94f3271769c43a66dfd69fe9501d0d0facf2d4301d978698b0d94e40,
3-chain,Gq-73,Dx-16,Hb-57,2408,Gq-73,,157450,0x417b9ac1c41a3a9d723249c71030c6a5779222a1,0x554414223076623801f1ee68aff2ef51d1f544a6e52151ecf76e6a50d639af7f,0xcd476898fb63ca76e7a0d5e52b7ed83b1f873a728ff447d3af81cd0e2b4a5e30,
3-chain,Pt-22,Nb-47,,3684,Pt-22,S-25,26288,0x2a4a229c4d748c2346963d0bb30c48cd11021aac,0xf2e2f292567876e25e7c40fc318e54da25816c6dc5d0c064421b997dec66080c,0x113361e772bb57e778e3698cde253c094a72b829f01f17564ceb37bb93af08e5,
3-chain,Xc-28,Ic-52,,4514,Pt-24,Xc-28,30945,0x620051b8553a724b742ae6ae9cc3585d29f49848,0x8caf811ee4b0839fc94144bdeb9db04cd3a9bc4120b68ac5c5201181a0c5caf7,0x7468b0e578a32e98d79fa3e03fc923774ca46d3f4742bf863609844989de79d6,
3-chain,Zq-26,Hb-57,,4957,Zq-26,Gy-31,25714,0x2a4a229c4d748c2346963d0bb30c48cd11021aac,0xe8117db637e40e32f157a3a1ed0533e44e93a7e9be8c3511a792a2b493e2dd24,0xa63dc9ed9b1428c156f97d1ad2e3b5279253f9da96f4465ac92e42108a7480c0,
4-chain,O-36,Pq-10,Zq-26,684,O-36,,561317,0x0078f37662af59eb8e57063f87c2f7d22f5388f6,0x0d09e412f242277f0a829a349d5c52c584cbf6b6f717d250cc0a6521c251b510,0x63840aa5499e032dc93a661021fababc58ae81db96c6d773eb7f642a7a363a25,
4-chain,U-77,Pq-10,Qi-67,1125,U-77,,334893,0x45267fce911448314863a692e71138e1bc027f83,0xa3c3fc7d4f169b79d0e3bf8fd8c0d463db600afd4c50fab4a1e69b3d0bf19516,0xb9a731d5d7cb79cde8d1960fcb086f34c2e19a7c4bb17cb8ac6af5d6edc923a4,
4-chain,Dx-14,Zq-26,,1443,Pq-12,Dx-14,23560,0x620051b8553a724b742ae6ae9cc3585d29f49848,0x8a0a7439424b1b8b6ec6bb44480e14ab008be65b8b12afa96b080047d67fd50f,0x059d851fa305d5c2d5890d863a63b4a6a5287a4f3b2e8bf14315b535f5fcd709,
4-chain,Xy-69,Pt-22,Nb-47,1884,Xy-69,,328754,0x45267fce911448314863a692e71138e1bc027f83,0x2093be9d258d5b553eb2b7b297ff78c75c24e57067ee931b49ddcea9e3a72e91,0x4948c88f41f71223f20245df4c3d8de555b8ffd41bdc6d41b7afe83d7510fbbd,
4-chain,Bt-73,Pt-22,Ic-51,1982,Bt-73,,141919,0x1c3354d276b49fe8941a09b822a9100d50e88727,0x20857a19b31b0e5e144ebf9722b40459491bb5b9c741d3291f218c48b2310339,0xa28e8be157bd34b3396e775c26160681d87bc8b9c51fda30bb8c60aee0c64a18,
4-chain,H-75,Xc-28,Nb-47,2167,H-75,,333945,0x45267fce911448314863a692e71138e1bc027f83,0x04623a683b094e3b1cf0045a1c2bf7293af7d81ea4579ef24ad144025731bcf1,0xe62e69a487034395079274b5f624e1bfa700511b99ca3a0074ea16b6f6f44af5,
5-chain,S-24,Pq-10,Dx-14,431,S-24,,22913,0x3ba3245300d0a4f0deb84073572a97ff09659f83,0x550588e74c95a9848e197068068c0dd1888369ba2eda561c467d66f9bf17bd5f,0x86ca6e5cf973f6444c87389c324ae8e44c0430a048a2f3ef4a3c745be6cc338d,
5-chain,Gk-65,Dx-14,Ic-51,1362,Gk-65,,26826,0x620051b8553a724b742ae6ae9cc3585d29f49848,0x2cca297310c6328cd2566aa509ee85312e8ff8dde6d01468b270267ba38d9e6e,0x811c4df00e92e7aea113dff484b26ad3c6a01e06baabde8b84a76980f5abcc2c,
5-chain,Gq-71,Dx-14,Hb-57,1455,Gq-71,,333630,0x45267fce911448314863a692e71138e1bc027f83,0xfd8da8fe58fd7d38c8d5f50a564bf5ee309197e43e10d8e6df9714dde6d51d50,0x36955ac3ed91e2e021a03ee65b6311b638b708b00273b93cbe1f73b148e15a6a,
6-chain,Gy-30,Gk-65,,5558,Gy-30,Fj-35,105431,0xf8d0c9f300d0649861963ebae0bb568533619448,0x54477ed5dc4388306ec25182498069c0302c76e305b7c6082943affaed280df2,0x2adb8607fb7fad4b6678aa3563c675fda63e5d907115bab1882643bf365b2aa9,
