Bohr Isotope,Token Id
Sr-1,25359255125438577802812092064813246266915417992419449602315693896856867472188
Sr-2,103207475906385737307003328874764609497044818069100475897999853498353983732479
Sr-3,42050508089581696381842467789782994168132355638346305617839561199941359243079
Ei-4,62700325607170012661768563980846890259906067154782471110462460024601554486457
Ei-5,86162671761968555980526441036425588760366525173681292873796232934130012285150
As-5,12308774821480824975631498009517126933780583312837716388350161266219438478326
As-6,27489993741178590172397271553588524964162122452024986599738098234490905007123
As-7,24790456154684134285619781554065462623611823479499604289461327864318034166626
Dz-7,96791197095922083363926495934917947541664217655893553170638581721630859143674
Dz-8,5950001149081676074863995422378774682617256195975430965083438191368743466081
Dz-9,86234897653622607369902203679249516112909387681507880552788404369353457246033
Dz-10,89633610204222189290655064872628197059310031921976304863645195089137573413842
Gj-9,27576324779280719016744302842889926146165757867549491700662285202623589061396
Gj-10,26446983422613641290354559185945224067331263666497229198131834044893140901583
Gj-11,31102583029689506878211804699792464113059032367323489579420118660583823413942
Gj-12,81895993283766367618447485309586279670918278936358418164260760638028119914772
Vi-10,79862222874452788633905953884679720155132948319062048522928908130024483224186
Vi-11,82961469656761083403458126583238932164496496863464029310422884406368126617104
Vi-12,101089941738520477390046625314082680495752555082254937169870714444309987637387
Vi-13,11970493603493627704575457561477989464693093880604506149071872191205234829710
Vi-14,76780335155233055615554893168345348346369801964955034537408109024011268449446
Vi-15,62216215951077461160346217478011630766291420710101632324447474467187389988648
Ct-13,63535350598849463258776694123335078480087264300492462942940648286452309513078
Ct-14,56031833513526122905785182186750219334742903703645278182052039460979249127144
Ct-15,73137270506110850910388827211708592235407344236726957878307671892470665968697
Ct-16,100067452848100356296622185003243777248767550299619476771345294575404172209292
Ct-17,20470419538011315125253739246918306327348102264971396063908141197108190805415
T-14,3737431970270859226482675829738307913645889840364346277949267374130754696490
T-15,59556967404187678662646267921069430003902119556859655597906602022599940926148
T-16,62859260895915857710705016617839561632364931612940636535372370854628937979564
T-17,78008157082954577735784611198008510346757176613301265521960768238825213417341
T-18,73784570893240685529319937486094618604972859190563224976313034092940192957781
T-19,75673610447152188770835747656919461811819319912264904878714740659540351162783
Xj-16,62436731857527383207776147103678152410072033341316607156474851974008012209903
Xj-17,79038818055220076407128022781469474734892656550034359940267508654436659868413
Xj-18,70693592540909995436033191318907627805555821281280814156929418637001050770917
Xj-19,94556532803180679479699330103446822361377362500065800860110844365898127525120
Xj-20,85446854680230265660961077649039595618424460203058336123144869478970628602888
Xj-21,108063734007064781043407458740351372115237906773177912177095868005766343848450
Eb-19,99489670013554783881750884381635055116581733652969692867095239504503927770434
Eb-20,51075977569895534586564801347512416553887471412538241380636129571990785629714
Eb-21,23133046979732464109601446787800189343636942056187266116001030288077898137078
Eb-22,19844213886371273633325353979672120782750415648434693561098685902784335242890
Eb-23,5435624771228800065601566926750343277613946654469444039074520527369946164220
P-21,72191106876617040686445758113648452768539825700039800754544535225117574604394
P-22,26066589820618487334349385189303895374946371288335584066433578262080952314954
P-23,56687056134257018141273977910243721137072568075857445347648177701127781564302
P-24,112354215800603350579757451567745089640144129308266692734280493218907309329658
P-25,38897970570296295211265613778367890170383551181056063849254205755816491323608
P-26,25923670750786043986389728719964813480313040158962618250285837680751870731265
Ro-22,96232682441659302788022384615672425396756035658980583208939690295321598675821
Ro-23,88786517276887085638532425343864852790161589510873441694582118977992559386342
Ro-24,46258387338405485743350855906121519456556038106624847701922991440152540654951
Ro-25,95249994532694909401009782553046662556729685318051631247971276558969667246331
Ro-26,44745131638486144444055447696630248651411180935524576736126010917579210383196
Ro-27,46368437767883235865508416279722410922691195077404398067155519057130286528381
Ro-28,14436416196324443703613156104524630551254445749483317695188915072547820299572
Cl-24,34529741332355959059799258418682746729332993645123926903475420638023288702684
Cl-25,5056413499213578361803240757277990040379635725728954772149257453311087916730
Cl-26,96857545230599188748570289005884597323126945118460111927701762324397382461353
Cl-27,114871366265957990074829434475006986378916198483729666859126760851483606696211
Cl-28,42224686930347459770962356474304559445466340053726519835624982462904596697586
Cl-29,105775472884157865660250150517863230523767197038716643393576386072101416048955
Cl-30,98283985550637861689413231643523864309783720896574193775356684594612214870704
Yu-26,103482668891802626225507503297081290724915441465234687753406276635221690386771
Yu-27,55663428961378502056274993176408492301714759365248076153442616016182759040085
Yu-28,88182285626867270298240623192837581214815932878154878344225863586025890951710
Yu-29,3396959374521955220691528372286227392134962089517841919386852333816386183225
Yu-30,76683035862447661991765777684128870447688925323815182720754027006085354403099
Yu-31,14120839623878633988850617929906244987320897324303188219312085940310964115675
Yu-32,68849071597713814820743901870887644201590158403810898247440375723655483202236
Nd-27,74812259612083021493091523162364109430492800129904017317269827884266249690938
Nd-28,43382100126810195938585493827945263245684207990427256557734020139599366287979
Nd-29,66996580036376355568446777656767506430329909983862860611664817617622372914369
Nd-30,64722442725627363204727673534202972240585496301145275403256086136221375171604
Nd-31,10245157546782650319159055489545536699879278020281829974601790597670851504491
Nd-32,31044040178552260936761170080417403250789746069941568041664459336401907230358
Nd-33,95207740256980558837757468139587038106225315344447984092269517895076010492975
Nd-34,20791608903895926915650882747980264327459934551402716191210756737182181749611
K-29,70546143494645064476301555171505515082129283647002051936721948266303306740954
K-30,102995573406159791727285800016785094172949760553369913427623309166109839041958
K-31,51399462756343584342303463896984736419423080871100822983843386976114159623757
K-32,43025147438052267922685846733473181742968362735460932824482237878592712720608
K-33,88592124759036148149780389271202227073455199037934744588674095021894258320755
K-34,64956601924855810083832578151877640989244609890674759020044014564030503657831
K-35,97300104213521663329440515017352828370985400341141010050753878979460169126790
K-36,7585340410473722838818283286585733927356513075321902020512557442949707288998
K-37,287364564797439066976319994223036079863756514637133597029220797598833783271
Mt-32,74153074872133471252660131088612294199596935385099834437666242521820094379996
Mt-33,72057371565372268104249247391099918704444452745742389308706403058032138305448
Mt-34,84536279772214473729863912295670977901293560326078029529036113316476037284347
Mt-35,93237044941514029904174406376531295985740241232144081060726316849268058779627
Mt-36,41454862715244867219531313490019904314563568540349143721790592161236689432103
Mt-37,69581609157075940316438171365234540345942048666194984093397702095187257242844
Mt-38,74869214711234528015531177166833213731011718492571105818024957450056377562248
Mt-39,74992077303620084972560087545459433658643829222029587548601188310168245283355
Lu-34,49612576459798029761675321765947019122198515071368331079337334619694279342941
Lu-35,79462249024944309306664364435603242584043085702382892184706376553519703815510
Lu-36,71436505888074696231089603384556849041635609340197047439439063509079205574210
Lu-37,21807613046950064832689485856846359216980807738032590821344561961788143736497
Lu-38,36192055143151427654517449364024881234786617261758621187808457964954488147964
Lu-39,17770898429300514866953019959140445394780618526300359389596592406567986353447
Lu-40,109375023317533580029437499013130894698186182991304078264122682635715130918996
Lu-41,4183078784952839040552494396359731858479390646415233868781805696195972572799
Dx-35,31039818731202132676783153493963779540793320297609333235972804625570424754916
Dx-36,57998330106176535539294956193654108667721146949521263687778023947347221265849
Dx-37,81081030989623570162172390822015261296148912088476307132524116513569643202957
Dx-38,81542157514724032984656876876058490962004414713689403353752920723431667480150
Dx-39,89012621968273857922480748782337164221907506459423773969224282337514441117362
Dx-40,2922271490160812840900826524922026070754601693454754955295392104718844955284
Dx-41,113910745133212803014533168122841714889542398190277221019620818923611851073123
Dx-42,62409325908899044592476070218877779921661961288225124206854304433610194107348
Dx-43,17598592280669480315595155086724582293016157382603540731525020103752937766198
Dx-44,112104764278355449610720733923615250710613089229150930717383325910219842511030
Gd-38,49148419483025294653233417761909133985393091598438431824033206442396115414244
Gd-39,33237760167643037776264640309298896015887439103912129407059393243673743800124
Gd-40,45059912924383176397328809052774771000882876282953541632895621956896186072612
Gd-41,40169470962320972028915358337897615906399193803476429152844373923713088758019
Gd-42,88671458108584290132365381044186046547576728752580660843232892664693373973941
Gd-43,81771524879348976905297108138118775604733077764210994715338409815134286821004
Gd-44,104551994159892639123376486232600915229011739765578937432770308239418651285282
Gd-45,78526152355052850159154977159136484737018221453401670087605260438381882746775
Gd-46,112299429938373600528717652313485917852706378669167005623450451176955791208171
V-39,60953665149723764633839474072901502676495588977300275258368959383019673457302
V-40,57329510273781411498274709829991406759024292486831849829703511900375168402271
V-41,50299615340501235783948084273544633130397510040709810601810395926373872500584
V-42,111351397794181311053034179108498072879431287653016372643008024885542680794314
V-43,76714989516897511277628342463655462290117341915753040651385607610618149748742
V-44,92684797530948905803360230227645925273814134358668919452685457283486587220816
V-45,30436980277837268384557441285238150921988590550434261222172015077618606494251
V-46,51784275663859576547296586180982327422899366117778611113724930139357597795698
V-47,95700444155971993402545385336933999961851168137467381637310334110739190446432
V-48,23624180005549727426277780326384243274677184885442276575903145738666023672245
Uq-41,76544240004873603449318985584816339048205686380413823876212995360783929383446
Uq-42,50680398806503170708501877620063959227851275083182187336983427491271689283805
Uq-43,78480984768228675728231864986359820809481302134932604159015360178211931473982
Uq-44,99585671308550697518747843769406154968277404996493580519411624453730351190437
Uq-45,42763414302980699711079354032832132058130345579760322079985230026382020309531
Uq-46,71097103924485409508676786084348962512666745000026302207252819601692984606000
Uq-47,41875969772639592668038077040231686547346376110287034034501858925438862866744
Uq-48,31937444279780457029237477143939940096959046106396082511166076802762520089228
Uq-49,21768928744895594273192851867068495586071513850781836855475797615694442973188
Uq-50,42523316382447145296131073814385821056685859815125845205342055420503918387487
Uq-51,76149298950311366389051346975934708563320255537932390308458644407567076978890
Uq-52,42135280451997360205308590467559593886741025382387457373084483043802241253390
Pb-43,26409866354428660507713173299280761606051397302343272317306639063588257842408
Pb-44,101150143330733688448128166548015124997541259386402135112289257342834627790314
Pb-45,9127727000196745019494710803043831420338237921883197604002122838527244253012
Pb-46,37263830290962309106452631502202881421592382848173843875962400587071604683110
Pb-47,61023203492376384182245224762496807473387678388937885417101235931398199735990
Pb-48,41961661943216310533912727150837980214848420238330203119245678833029587971157
Pb-49,27791912034916802493033576305467142063107444690901454164119750497921849966172
Pb-50,84983241828382190793819783731645213666100998017280565022801915806883219111211
Pb-51,18204898651017547148968590347047860497415870269074808893107370019128247728304
Pb-52,250984690312566436309752354220324461116227863030983533026945357608355783760
Pb-53,6796079383874395813104595612299308114500738450596936345291560741772428690768
Wy-45,72798894144280845683864123190212724849485581626594032136262758957034234639042
Wy-46,102318278133408080389466784380637321292445651011544794148145243958935751513935
Wy-47,101497976530292328808382630619101407270469347512517352812476119983490191402631
Wy-48,25408041115678494260660662404959245822652840411368950828732601533519073602185
Wy-49,30959639861161480516514918011007087934126375156838974598433597201692233940146
Wy-50,73015093878660405262760067564342231514063367441955421517339956344324641582339
Wy-51,67483377168930786909814671423086548714530652731704031898612619398770243756290
Wy-52,17840346828143061986223947458485259165809793656600593385884614728284538261773
Wy-53,33026788642201781609586939497910279411742895795585398709150212850800174133581
Wy-54,106822927349810940252284428526340467127211618453621637667120754771344851234161
Wy-55,59132229456407728841199924008181823539243486336375143888236486305296532148767
Wy-56,13319730469512005887211012994251515051897996185499397888982272960923116481992
L-46,1382696533701893433967959891069499644716662563944999117779185115085775203831
L-47,76967114926179140024177156059510572783100438024160339770523698102298084470769
L-48,89678252865731978500399982352168858521668172029106678097205467729273780607700
L-49,82992161518172202634604141104760159185880090959148871317748056558044568524354
L-50,52255423960593176501363531627454977047709086260368788995079611386190530744355
L-51,42845504584729435690186806379630548874156081245947208923023473119109763677348
L-52,91760103831933161691224164670659664495923506634690066561960220238945790470707
L-53,19351727050179423728601850640872852018927897894174497447510309766028226747410
L-54,99726282032334807642873424124004941664783217018994679237643438016716866798204
L-55,32833314881159713967413661993360586667807207860930868128257300172885730298607
L-56,69454268235454198658297872220074579662049878284243841286600954618061537043589
L-57,53586654652992423147708067539102891208184907916459427419834837881679522692918
Ux-48,38082174597703741704829226617783743590714329735680082016359857279064737616899
Ux-49,59198694449423263494784799810849928025700795741895117767359078885631747066733
Ux-50,91713704689313457540314155847750624713027081293863104921541746084725268212713
Ux-51,51876408420673623210460780687914937323848412725167353701279156017241532135209
Ux-52,43416504034205994663535307349468342274560153614356378203824087358804168985895
Ux-53,46784015459798406055277430859273816843926477679091810943295167812697948840469
Ux-54,89891637254887685140593342147294365434567668697026000163407682060252704677441
Ux-55,105104253818774089551455343906643687307756618145188735436975666425240142755193
Ux-56,37079038246955406869465878677509563270125898298058895871425157862128528449106
Ux-57,72777461945578464921618787436838820755035119638038927590361372007805024851290
Ux-58,16130530469694147862858839359303178820445372449078966956141792283249455288511
Ux-59,51929129247421629238363202951529443421588117294077268450281685769236974166449
Ux-60,60452157752315868702138784964338952967740980227031662286953238887749151444668
Pg-50,58094566670904741607498568936282594268482758132233200719931754515814494897196
Pg-51,115072967704375915426520115512025752762428718737394117226129041102315459172411
Pg-52,84985230337700935792269219819102884965182848026154017831731078393673644253356
Pg-53,91691242353563096943966615147228076107166857505614832781445737066574196838399
Pg-54,90720154167929875564177114241610263573572594360090651715118059814686915393600
Pg-55,113436378827558904102161804149015133980746004109817238747224736871687901924601
Pg-56,59376075812630815022068111762080535829322268270103969829102506522063825665685
Pg-57,100469788403861922336476524640514730960186552159423552384020497583208417488643
Pg-58,32829749568920185443992630609903131827253357399879789092271101579152045114054
Pg-59,1581114160766881440649293333422638909672765777775599921838631897044573078778
Pg-60,43857048999206664460923054915703226238698955030484363472759009021497605857815
Pg-61,86611550405879710697403347624671446789230730368487006676840165168445035317642
Qe-52,7391834221283132073250889413835535678095054594157622366677720462196173402010
Qe-53,45885697513838899614285054470553194701439675730489622019471916075157366694916
Qe-54,96625587646423131648251315377894084081291480465563723360850693466699135008707
Qe-55,60010913515619664161281456118648833123813121206637092619578295384336402402231
Qe-56,9309577256290934759474366441216747062188497125254232625107788127014762577579
Qe-57,58699804560330473784549022533416037046271993040649308139510987612220802412026
Qe-58,24892914953146343412184320995636789751601205508629474189529199237972969259994
Qe-59,25682507063403639967297795586649704215496038257927730124240092066884722979054
Qe-60,100236653783363604474728764631549441173703051017651538024533950986330426497566
Qe-61,67380199300183730789638563075011080068375537769932491031264715129362844440633
Qe-62,46846074637210944067837414686956223262619174254891341168597700653982548522427
Qe-63,33839357617991877976459338341331542799810229439203535848589300229028485763009
Qe-64,50261938885386469175990562833714795385306454107838182395490282271846681404170
C-53,48584821138105371266587770440084817363063084361497713593102042854964509321381
C-54,45108025685339783084642131331951103303467148120735494801387664414373866851039
C-55,55442098615276217814246518576800956786117542220788769326281014952085191925124
C-56,67788707596669432907642902262263954151625445960048683514258154135170353812031
C-57,46912561641098425526036955065738619385620847974779940015651214231091394407775
C-58,25575979807648104483239236538665904294278024257989965191553392355359971727831
C-59,16859321881692560732399651321741476702681121103032358771543874189535848320140
C-60,18326259638018390700241085920208873307367905114086201041303234807524574440537
C-61,35028858839329340167007814455491834720464587299992466758849395692801769180070
C-62,7201160732864445906916080940956467818313351796757320052445064239311878106399
C-63,72036501724982240095480215981992986236378168803554752091779191200936480977618
C-64,71535475294753830992873608480922381419555381384815471343302672331081578606332
C-65,98200188120612908267612641080526911419717217274283156166292821165536783310639
C-66,104452464750573731080026326441242472951504676308704703783444894859824280215494
Ns-56,39090554914213154915434266194909168540433017441183906237314482136435346433847
Ns-57,51970653281402920084661863406411316976973822626675909155134192541494551795187
Ns-58,31970451018020010733334682435605138126406732441203680973562417608458276609124
Ns-59,95811607477796377468584389901245399150488758534529954281642111155213602052518
Ns-60,77530394858043827982684481351159131885814450012700959813349255435930115618576
Ns-61,41891164017113358173057968208254868402927722858413777589539616849213874615981
Ns-62,60037321100157952085154957339433117078800562683727189531481390859086909021039
Ns-63,62057762527205925713350356698459559103753204384521437858756348871488612762322
Ns-64,92834836547941208930835633456580628036318936850504005355961023869215975270963
Ns-65,109734318980949933321900364654440865795003441158629908383534789180984356372804
Ns-66,78016425010283277826150331716227677864026046267268346773593601069718714356913
Ns-67,95804942618153154887866703609949977109458808016686966989415631618632678379841
Ns-68,12540125900895241066870718067499057885962229840904562193720843651087321313338
Ns-69,93275541653107383750297235244103434049946447750022591863416679515906219080082
Ai-58,11662758890532898499795085243156557035131180463105211367521539940785524350457
Ai-59,57324780250548048634409969717508544305131397489399337258870068229152114563793
Ai-60,5879743364829524668164629590898714631063938964894236732199440373911193611377
Ai-61,52068808416467553783091661615798875550913927497841707338547501142043845134406
Ai-62,103856597147616295085272158547335505479459548650788568619325268025891336962995
Ai-63,109019309693104619490351057937954203656145674083027976331769283315398305452257
Ai-64,100519460820646928644630419388464291411236982991562366282759810834403299686593
Ai-65,65847020474599184357170825895833554012632317305834311800602050551387274909056
Ai-66,74059131029152528263541194061918238158066705313912085571620370863564522439549
Ai-67,68623124877013556486932333980380379319904305405902520179611020832970122624416
Ai-68,69717070075447118148823790749938898891699141689912576266510020343788411371545
Ai-69,93511627327270055420324510198122596168642559415591454557889808087407011873779
Ai-70,10042719261193576153335022594352136173245967155789353388486047990672398751291
F-59,53683766013557624920825908933920314323668322923368023203384872781558793904764
F-60,61208483545880655279568803868263109105609771367085885208368535239683682176887
F-61,86955048925217911881733278417419655076070481490041350966417882156556116123339
F-62,18949656179523496360993377873876567284548721114858129450428768158479383608511
F-63,11937425598676209810607250792374482027024704245152652380104719649142947133336
F-64,50341052917184082057544142795505983104824896001658977187084166354100088028690
F-65,41111895631485162079940404271868401805006151028260422391471797763010919815874
F-66,72831144776346393716917564761886836658869414490283381810747970159204649105156
F-67,7576017672743905219886982008527715318713949894477179259108501677957472635906
F-68,51096106177764851769108662609678140774236135662184443644707521611878412761382
F-69,17958445076333685834345995038702756876080358818270030664868639380744954725391
F-70,59437988091575618084079584364369804642788065852097532442682854437269408612565
F-71,80945668321557962730633372551902419200785291421660980463835708400001668171335
F-72,96729752866034236903694726498934010743288130581285587022297620352234975422319
F-73,111351722931862348002258439483005030104151802281406194129875324424088259730108
Gy-63,83909353998622747444803872541821576983865474043349009908258053378666059083186
Gy-64,67221326066980307891282979327031217115218675141506357088425775855214877131087
Gy-65,63543525071353317441801822980936040225086987599746607267760028682971429509972
Gy-66,58314726690324741688777113826631004235985130193795678838597250734408324719456
Gy-67,101248417370897696987404057827569717941805847634183954559373924316126015108480
Gy-68,95692600209834112150908262580261328367555067158851882255780242719734629181279
Gy-69,20417981314400544657687818907182159689853084021605213065629096711750667647949
Gy-70,74188118667510220012783691775135028600852096918386506736549923827931623208383
Gy-71,68634982076466301122976682335011585651515333603934145001075574847728949131471
Gy-72,83345700144749004513722922066877375394645153034323393575599646810847386528220
Gy-73,15784599569746720242505042461894839123136487142052652641477244125299414905669
Gy-74,38455977301009452075330811942549454339359249079016317714598394844980821339806
Gy-75,52898778490930159441919479153548833863177984720799481126147649539482291070425
Kk-64,107452764503749807673905088756117716294357153919739327528936344378792228808605
Kk-65,90277102152505520961388077567639313848656695594011989170018525594955152343992
Kk-66,82884126934687548193932390499596165542453314041371512436662698756966998115838
Kk-67,30096775746010875611560098537811859182707624709439306997185152225312167484850
Kk-68,40552251565096857393685824677275802048695881291287691990316027185547737838039
Kk-69,19593518252222403203713257734279906169560877984334421622210647305030309673787
Kk-70,30716921412093810626286989280434237062348063414039851340265704207715965752889
Kk-71,89172297275886974049027831552393578585636394912361444158784652299389108333693
Kk-72,68913850802240986809449518468844171206955503692332266812803592718577396088329
Kk-73,4808183484787998677159432789935827190958494019480371366904614021519658947524
Kk-74,60173278241336704313035582787378689629951487526190473708319146445077597065712
Kk-75,4087635385907917591315875807711755537180148269613839709283953078248781654037
Kk-76,18386269530382906884435059121585069468694047642753955743977127814391064007417
Kk-77,102672376569239899437243250646297716898256316428236268758255399855142525650419
Yv-66,35813777200712075257922461747543629215457526473218401128519314741514871444914
Yv-67,93907526794485935155838085167586004057303693679075004225610942830953977762561
Yv-68,72025982676760567854792855292106025229771395464658274782829314820934548246099
Yv-69,79987917010993842863027106124807443326756293665224276699745643375748911055154
Yv-70,11074253252916629417307922443214160766329746227251706483966785257479762987489
Yv-71,81330224468808080486487006533558784573672520516029639401467605814132558485212
Yv-72,50612279996065326709080173697442943744090271373977876510892585777533610301633
Yv-73,41865138869907644221971530797046358754185846933267527552894442842520382072909
Yv-74,62342425807079596763474371783572010330294887181513497144485970600813160647542
Yv-75,90872359769461509928467814074115728163545300794661922259541841162870308857768
Yv-76,80059121562458771986595172135955224993755081866798941249648283318966215838329
Yv-77,1248187603072403358749265203512875877734542212521214632745215483350184627265
Yv-78,35989387070412399434769035139810410116734774800242366424447540272729159525659
Yv-79,18650139192710627131099894830998687543349821409765717120399271343171088863109
Yv-80,2736330662368440078545356707046343375101326427794018711162519738551663325046
Cj-68,6890963396501501490362116375586673083821384674916052429639498493732248929824
Cj-69,44857347319334308958125477790319673735018427914477793698889454964173214355568
Cj-70,26949455857720342555461876065413845260105150285011636097162435861542119340282
Cj-71,72093902867842597172408302131091840583751291333185902688824177102350736055282
Cj-72,112917481389403766478004805886153714778906916646030503218678624759209185649883
Cj-73,45014334748632599575486202635378781912097244158398375155529803672814641454120
Cj-74,72450186650521169472609981821510250983353969705438138853278485649710686685002
Cj-75,111967797859230796936798301241362567480640341449678473358587180063453592858992
Cj-76,96828513814028415148851258482049067005386275778660846635568229257539204715335
Cj-77,8450322957213142325959551790538515617135139218373908626328693021872519439819
Cj-78,59084367680824933287800233108138773298058574306716899327479772951180793469876
Cj-79,12415729727740439401054346709768763306356459785203471669688140683339329094210
Cj-80,93830152837630321612790627044026170260941587248383334795369564377920370533879
Cj-81,22732433915245278689166083732492440930167078908666112104048495817531046729201
Iu-72,88631790289735052489136686193324489692602619962991254527102615214918347120530
Iu-73,53402859215698311531132226851764029591400314427743200083724032688780732180807
Iu-74,38657998440131430564278648106935562898798867160424290909168925433414581580206
Iu-75,85858047057277206938541918013725822455007040956412193795061246261032587183905
Iu-76,105912747366094322936308723929122551494791521653099289182657118799098416406841
Iu-77,23983194299696819769282554380470731151552053546508406191880524264754591992971
Iu-78,11565257575944500137420195242248710987296730022300430304392485342266295785685
Iu-79,372603941211213559556113630131371772723667557906182335448557547270697927365
Iu-80,16951437790376575913198801776592369699013680747392733290762676416156469607132
Iu-81,64539400825433660675780015435035124055338543601890331154883243439620951163080
Iu-82,22262853744344410096744511781196192072984272430951568936769334000763183222661
Iu-83,84998402333323095596420901645562251019010033144830468403625786247745343762638
Iu-84,62181455548359513765059884524019685617523544037541407290518642306898548166867
D-74,80215058909179729458443492589189301596631348193856582295927340091743307550743
D-75,106753305417910931705548322609085063073016371532407339973843407832916556626702
D-76,46704882953240795908221405674640633578845126974304741993182922612334927117055
D-77,90195458415148523625166626284605370404032265316142173401437850602083021314324
D-78,50260385091843617715327467055617643265484741570549767704118782198764885822389
D-79,84042323045137703010809000151592493198111173904974125147080560460361462871609
D-80,83104667006440799039211098309786014303343869545345962650862028155301366744973
D-81,30185268446866517686833249694369080338201117208776133064140871317906772944113
D-82,35407735047480391550452709063921723070742077925118376575747940612129284826592
D-83,55280822507816899644844970885001546266928680001847470727429145302327385736747
D-84,19924795406529537866236454028187482779463107990341116080396931753918948056820
D-85,100943652075912765348609696452255164026453849484688786028919080385961626954445
D-86,40955595508494732316706610281064058416649326510661029185483056344049863740364
Co-74,35737307564219570966361378337096913335010898928731231230558168003229857163031
Co-75,12940571534549414105931076586320298226707900376503952055315139966939901611589
Co-76,94083269689146257604618231835001465933818895701237966647419635412735781961928
Co-78,402131740242958871200318827451482686817096045834623886854045176637826224858
Co-79,25853767126142793400267206371946849006344781350554538239015043829111022904722
Co-80,85826171833284732491288500604522599863128763419055053246382561786602243708774
Co-81,35866817237246790836677871632519327971764272810665154188326960929087073514150
Co-82,54200571726589028740356877692677332420331279234680845564804506917548965551171
Co-83,90056974017799834247221203209548128809286903885780492842664177893082261329264
Co-84,2988432298107513443842157330445005254474363685224592460388359302152098368186
Co-85,23579046075767238761753241432697067592170797041119902333919418760570171290323
Co-86,50004654290607920423761838825327435163781689800992952814404009609311072730712
Co-87,52422622687418775815186431392402290378147502827715406768418059168537774076606
Co-88,21039644057331845792935337237953006366120058565417426226697014245075610882527
W-76,106724066511762359191725784282384164901217802397866284498380032493087599040903
W-77,101777602152771313142760780145171266946449942797588267858014369764675852528010
W-78,103653749675873626632710662373411775441972308447924556605774788005184140901311
W-79,55801352350999645209937703061877415030785642562377127115968528012132818327388
W-80,99395307611586161036323070159482793695500822007617765986349738660475356880873
W-81,13332843798999375027440528300524464964843643600242648019068708676219182903505
W-82,99129043302099052708735022264312708146980536704448441807532484032276942081650
W-83,70577944832036987626875493635258767466319489183735955752161568429370023366216
W-84,59932879239287989407233324384188597944633478052032515147382020519317155411149
W-85,92136514680866209487875307239673469530127478317555851723651562953316201322194
W-86,16862007888710269360892074786741982162862171601517919169741724490491954998702
W-87,63977455077072664749995101168649680254025028079666963690904466221181803105130
W-88,19860267237942714564947006554793929654861418661299873187212326960566756068334
W-89,71867035511213274270753323317549770071528450868030507122566712967304174601861
W-90,41106110903301030739020899698598586595741769881451240214515512002854037901443
W-91,102269099766149851990734964157761518761234504972323371991230897781471989036425
Lx-76,101581314502013865001091342350579823848969524017028815666809829303155824348564
Lx-77,13973826755219996063294807297693657191341354760426353189447169384713909058520
Lx-78,86819922260448862531492312596764612913247679541315389955711807697632143350252
Lx-79,43079538104161421274927355274756761473451420942250479823262136610362305265057
Lx-80,24715818647770340848516024492616966219214410731194361961339963804407412215131
Lx-81,91141577513342306902331713251852038852108309395236726832593808677960385599162
Lx-82,108428205705424754830240884091521144676188474752034792179230086545929893132216
Lx-83,38733356817618908357528355431038896165459760180714294055663287569665394905774
Lx-84,55533520341802251307253865353315502868766253449704721188299747166172366515942
Lx-85,87026306474953881267213434748753435666656576821116837655137038894955502250585
Lx-86,50457620334896746376027357983464301288088704986313868060814911021364657913894
Lx-87,64656274092564179434666005769945547437903178526264453040735933753506581201391
Lx-88,110623418264273822134763958359317889355390768772605887906769034780730356783549
Lx-89,78921553002407038097968079723562209665947449517366378875995819396514825561029
Lx-90,26614679165756108253011602681815991722514081960844775311389074204283510989957
Lx-91,93006621534409336449741077100834540824054831867035991328004119951928459346868
Lx-92,28814982707585241397964713684448719761720486875424931323937307499042815894759
Lx-93,69054355115016251258036296622381358003885715270128064886714619499682565714682
Lx-94,63684899216985592847721971194041021338585315698612411876534301046244478414880
Lx-95,10568371400825184987838353341710484039919508726640786910302599610452417948430
Lx-96,13909852318058117863321974517676161311529809170616272785450462306860342244207
N-79,51162737571454812609571465427142465122965965175558127991451390666657265632924
N-80,37173260193108492037452418572373662296271471702794311057480255448881067034524
N-81,58454961685223968843283463132921085423312825051111347909887290923728027055156
N-82,63388351967274610407005030452477064668955258539558260553886530489791969354690
N-83,48592161278492080524642967951258356405698469532643358215229904337761937530828
N-84,96898383398507272952055947265229395314186978579935285464636291433373636528219
N-85,109231323886628820358989361282313035509465585967753817242137931607622047862361
N-86,29638010602237658146261713466762842097074151377274326451737303781965573997619
N-87,52610084561625709727827552175077925093440689044096676946651235053395323259723
N-88,63927832021174208765934540224814427684333336934578014166028801707019159053086
N-89,95736661771798473948620441372122665796497330946927860550490314446775365101185
N-90,77503658744623095778814569515169118815640342195707999892337573745620946677353
N-91,71252881255806149029017187752207058038318066318887643314249635311399718082373
N-92,50108263225461970409712318200570887059529443527293915904702635273256211659111
N-93,29184113532393068726088553257756828584753045587152636643571633699359964126981
N-94,108126345650352935951592459906989477474204486021562616711097185511756430849613
N-95,78339506415408636015605319309725338342571281453048612739726349842122721847913
N-96,104991368661257002738531493178004042493199409055286551383808880227496182343024
U-83,25840955530450078066392363114615440529458923919820541260020845289725282016610
U-84,54948811392224507742852506090843086321543527925370662644579571142441958978664
U-85,12798312395466075247660913608804091529914282370696942390169911676108655759755
U-86,92523426327844446255672229303079349009776555016783331626805975519024455115385
U-87,80760434197173853938691022992796039973933515799590310330761437173514087703972
U-88,59050999175835041868683891724805992369405077382728573101101982280632487308747
U-89,53725298609595521406935556165321126407392123514843170412289166183051070604529
U-90,7441406176812548847972811548872148051729564199050520159522289408760468092572
U-91,24141836590896817284879892446362716132841481985303386642635573869736534541171
U-92,107077631594632327070583690669835998001593865987312256891153054398773094876767
U-93,102750911902662212748712221793872005087527042117329139486697747492969324506374
U-94,532949968988795820280839197322119924054115363584780641265653834067814887985
U-95,39270293147560567533166617251456303939375435658365241349490631013948917279108
U-96,80053184698270112746465474707517478671220081656691501280110996033243377977721
U-97,21074001274605777379653677953976371401179236076359964202172240741222537676325
U-98,55505148117015277143560074838002777716177866807414509531964094941304622641907
U-99,43485336763306603700103857398848584696018042565049100645439182877193225991208
Vl-83,43713801415222167196613359229651609123143717808765943321635175433556385354952
Vl-84,59934521928556428084452702698249722715762261913097950332682462938948265401334
Vl-85,21256079281694464289614355465080602894521567386798684821635041846249277991617
Vl-86,18758577659280914785296868067958689450249224315694233055732888725970132214000
Vl-87,108114677195543044046901159557267140574856342042483041502585626314262383890759
Vl-88,42741636809035936051011608498056415600157751137696728419779700963983344685688
Vl-89,77910075212413276768220525544208213028787622775355861762604606800911010020635
Vl-90,1832587852870600192019290187985585496786528160500374212438965416594358906356
Vl-91,13849132871837389187409676263238677941101550262722954741041469727496188371095
Vl-92,13282514303769915430159064573908331122257703029938857405055067885997743664718
Vl-93,31232050339136230224284877403740581903255839637050401667230196211561358073115
Vl-94,99516287630840983583665332892189244965792787350040585345781109930303792513886
Vl-95,5042069110064878429227957307517564839583548774292612944943070668979311044030
Vl-96,47364328103992387172578574934822306243852766247097495047339489550816340062309
Vl-97,20590738405935043729818877713154337412893193824574484476525551946390127358022
Vl-98,79237576257915175594029191662357662343369097838038776267667632991349955664782
Vl-99,3995285864507254430003458612059610512120756639306154476454348094544958562656
Vl-100,85628052702327279813932341179998754805002009618014414777858359781159158403931
Vl-101,60372750176638612187628017007450177524727810995541585273544861867041367892344
Se-84,46950492983219419266289003852163791718860031524130800612538407292511126932322
Se-85,20656182263670243734477656263612423377362904621913079889440304773524428522550
Se-86,23368574824969017212723914349679747916792411256271272838930703122762719905627
Se-87,94515851327378343065521078343661197920626441775795284702242076597503938006111
Se-88,71372657053064672196665727972891254336591545284010414568445653718486648230520
Se-89,69977585126444985864984154450727653913942911694856857223707234508058514742016
Se-90,67281617584721030901999954098607683204944236964835470673009137840736643530075
Se-91,16457238006840333426128100125362445098466958309028110357442029687360960965835
Se-92,94355830205485758827713074352926621995940857298733182325219625823448512133503
Se-93,114860897613423368920864558232624872218186422649084733705749733384909723500811
Se-94,27438104847008008535044503116488312561439339469132816225151532587018450059553
Se-95,21676218144466850192767479877049613659602927414530906545168105811718600440143
Se-96,1183557330606365122141942834072384829481293683572682404457937770914694474749
Se-97,1987287729852163869690636208661342221080303251716016348939694389248479850893
Se-98,85626790210361227991544114634154196816671504976605560572195092322171758938613
Se-99,58544373137313207887145411946280282488095766798226128724410823574742431888984
Se-100,65313746026234881814407471993396293502893114971493253003209384907435545671914
Se-101,89730868374811993966562078290774228291935216077459260629918563664734842385980
Se-102,97269042828175401090737750934174888404673492482392218495674759144716534440709
Se-103,110792880717333402791924696623996519857990188301005014445073506300155738492604
Se-104,111169251172322356317449086440517802755544628620805374343881951211710302896430
Nm-86,65353001252192354296651117947739792045798285595406894805053940162296809176133
Nm-87,114957908397398159176897035196443073557306961269984912495462086973294754380485
Nm-88,1728107994045395979990126851858139205523529627778696740375414832644716765671
Nm-89,48185971419848116544257933978047035278257261734962912066331845241568170749371
Nm-90,71374570311456782519306989179458382649043689084458002905791105634651902559033
Nm-91,1443159811352102491598105395223842056672227200927749316398655145884317912087
Nm-92,61979695993463027390049511170760664822704027112113790690345466598004841124065
Nm-93,32903700341379754085691568078047382668925429794399722576341096493810091546969
Nm-94,68454079678310583137909495713608193244032379139533570617640647539487034786981
Nm-95,69838908500246883981623421529604767298795920661779358855830032138374338046676
Nm-96,71861765839198608956974327291496981479982626016251061710280506603725371125144
Nm-97,99369525724806500498570947902391207248164401602747245777617113343437328316451
Nm-98,54944133885431680800443889340550848042984564436503682145266844820146833173756
Nm-99,23715488133895792318081853468160503544491487584628721164456711893095782648886
Nm-100,88577679896153449918697992673721084621623842533150189979918569410509444532996
Nm-101,74117246146512808680217231832755937129381576885825872949623863477731854016020
Nm-102,59767135481847448712305130415347512201561358723987512652734790753364913776515
Nm-103,98594046350517084011495283514784147656232959974843256851054809481633520190007
Nm-104,100921322332154506851176410493002624082697716172563372699068828879479877185495
Nm-105,36968589966848974615766491267788282777234259552163062347486966135162983541763
Nm-106,70889119586031390226155089478750284227487199226514968107156139748553365474760
Dd-88,101047300126280658535931322312408485345285645671825313210775769095070740978312
Dd-89,41024693535715563530703004782877868894702679878191897137384626218165022082736
Dd-90,86864699808305042310739209903641169721192127975702873057303408381783825856841
Dd-91,75742066239098695345314544998314596181812981541818185321266128377902682004900
Dd-92,49904165058607775859092343696704117741951536841461834036008809696676998297954
Dd-93,56813364245361916954270442017265661946906430418485412793978008617673889716183
Dd-94,102542928331197159231406029712840819735403808321298735451095427618302701059523
Dd-95,80826339962879509383812400530082418004266173762908207042220819612447528923482
Dd-96,106492635063842649618943814520743443561466519124666776348259887487911310702854
Dd-97,77743438447698138609137023428248054794040329133107574172055081187274449306973
Dd-98,22583292161120475024657531231010517275840370737672687337543622828588544362933
Dd-99,30106703803781446833178444051397253491598777616755312994941746918438239163828
Dd-100,41979867431401380534510090349129655270884455282343555190838347092589989273538
Dd-101,55355033852461722899988575753906667028377398142146586173919831623524780659988
Dd-102,9099650258619733461549337864286459137954648843668934138624434191756522913316
Dd-103,110410971107073045610093362187705239395897255989892203795797621603059320715404
Dd-104,65830628946350813703928782249168017587224445283996474901773472935373585648475
Dd-105,67957162197019202534498223218248300653964098031234151839246529276990502752724
Dd-106,52224036563838808560963232826373777437901402293507688857610472187985626492717
Dd-107,100065838687718219945564092372659855888335367331084688152930729449536101145700
Dd-108,101131457116999535144893905487698765054399538278967829087193517734265393538962
Ok-89,950692232160728626879405557243795459506561864692958120334026739174663762611
Ok-90,63330423854030788638813635229159644056707813094422575791845365553750729792912
Ok-91,73160317299586136174798222143627458214127802795093546965872757321708375510860
Ok-92,63098364846071439446655240230496025279283352743429276350489348192844767341455
Ok-93,91941860097198040048816969713772663593396995615808532955909557670264605037273
Ok-94,24397462807624384257007127816831075293384969979495114113655846385611279297706
Ok-95,8989058979097200965774901406582241344100468835428333485599506778179270125672
Ok-96,114521597972602440870991416309208835831778421630379124520889929158759194179571
Ok-97,40112492328695396961478007208272988932884205773027353584063891327768702473833
Ok-98,39547528384972832545729936764413996255724815363933472984489742300864905573252
Ok-99,9282501746408821080229350378920952795626640616578395617564547539025416142816
Ok-100,32366899063255568313300359744109220035663306367245895110919310911913552392118
Ok-101,8118353444621665014966185166152026581985230983046073697710113347211989906836
Ok-102,30321716977657379518455457659473049602423283543846734029009803152230647218297
Ok-103,93855294512597856691562244417935931010901451735950357885176260721879347401093
Ok-104,14105149120815231842121326985282327639736619826373064827672622802934779096746
Ok-105,31349059667590298247375877665954664633275270600774207432956195895533647991289
Ok-106,44631126844536171898230165528582311040523648330883457642813498710717965330738
Ok-107,250798612382357345011290445631052057110155665063630409549187721451873802978
Ok-108,23661418217823622214219846305745243920447172816748413788750366430135207333034
Ok-109,66249148445827469690382561657756027485138067556867981935568855988495436922016
Ok-110,16892036782670869757947394629379803811158366885672368606101934565071612269957
Ok-111,22157590699577293704535254279523975362039645207996573724320108592130204481331
Da-90,23599096191977377667520140676540084694943068263031785789896347762173381071727
Da-91,51819280885537075068165108777422795222024502450511133290307898373578131456897
Da-92,57189754131442869647251873079366645206268960113391076078020936325750856549927
Da-93,984973791494326130173323243135129529482365215771975862528009860593525374515
Da-94,21820045346239100501764360782905423972968545481750017603590549005562861048405
Da-95,110788474319155731394293818543064402477784288486546375498830461966923621751716
Da-96,60937585278629166315984360640678837245352668641796232553965471375147545662409
Da-97,75765937212043961968649198669776144325490270885212344503533749601777337112155
Da-98,50051678481617077089814369294868043676255861914035086431570844507727067696210
Da-99,68133776426337047698198035854165975633865682182722529330798011964344995737640
Da-100,34597966477950947458061566233172634174007658137423853624546889365568713730199
Da-101,71405334419357005162141663493580426963203330081093722318449679708777697775331
Da-102,2237930085334437360664710129600032356988356560365438182146249264722832442010
Da-103,57975721311665389522431209367398483585819597409510604616294702118983232282245
Da-104,7051730232517527559124080966477494711781978558814466429835663261438445783937
Da-105,69678000917525522654075818485861501367708613644569297903464675363185826382964
Da-106,25119270095030994132494590340739125530052718306026245095599586770840794717976
Da-107,29246933586175729546370736812642721980756299357548684463339760146326906028466
Da-108,20511250397246801629672874906871920399608548593991912077779944261049039189940
Da-109,80389070271794649356170279866841314739720450079281524225933936536177311480560
Da-110,60975589000055440695689321973562576913577278586692726618631525679237960204541
Da-111,45604846804745000105540927130435957773488230102405953005295239625721233956044
Da-112,71630486681651395322241346250279794140074791871688710821050730826936033590880
Da-113,62485197659761576101670920618167667055984106318125141131341017225638093491276
S-94,9060451265858057059544595041299539952444637365496825414975803032270189526074
S-95,79713985676432565186577990155667611253750320031875267963704700830518307282061
S-96,24160443006063503570581443516286409864396439574589879000744254133883107462100
S-97,80588332031758250138528939709029112687042603812990352212387202408277136473102
S-98,10024127185067010980331340708071090873830373569233415448656915033250518924134
S-99,22183792011698668000796327507022772912657628000096801455060181682697599811407
S-100,68680338022400807274710714270333582235836670379307629105493534431832378371744
S-101,22519040858877200590023387664074337446590157825661498357649795704697232438538
S-102,111608218898284888547129784268588162114639313111066942560352932667508720590900
S-103,20458317584185292500946728344759734679263726343676342857342030855982272192254
S-104,16789702773436994056552623807758175878512020322275750621126346716681703398717
S-105,11440508024412752288762224510098041099942547560189405206378497121653114285606
S-106,7088698746243611969009110112503971143686754056669755376082235354423179935747
S-107,77871931592866373048012810917852407965609836948493248402282988363986754749294
S-108,673005364252556723505243839656617041274334245877216249298324697592099272296
S-109,25919887511538217991930969600725415333243509964792496483303431810887538791708
S-112,102394919758203528293366959183611571901553265857846541355892056229075673211544
S-113,91927900531267852721794867018120281068637798290308813734253360267186455618100
S-114,83884603202405777340616703675881509415335188142913979532292632068799127819636
S-115,67251010840363976589547325089593828271347449574147494000269749466804199793211
Z-95,43414473013923621709430734619917284134563442714235397345671802057504065542314
Z-96,18877930605806634422757802280897972345293836908870844592488149108991651715021
Z-97,111167568142141306051256586209075199519953670622886267509398359195025840743939
Z-98,23591982118923219567489016989068585007099997317554551012934058959418381410705
Z-99,61416052129679429910132755097061869892261054274405821656028322939856335360343
Z-100,89303491945393843049703777324110208566961236171844203900362779413163158189895
Z-101,95787850258139912669712836076829445489336569444515091201660011185927647804230
Z-102,2150599658001797594486382494810258300184868546808478942112731993590530393267
Z-103,56925460956338062141993233913755656940506194905331092431093564158527199200703
Z-104,75252590491370301908277462270089961620950143999985791537657327311032432653049
Z-105,59406045579084777385383462729015594682306744036398394910920605724342643665686
Z-106,92671486608068163275056947271223500846528977079610013400463936389074815995418
Z-107,53560051238217305809226863546837516227400849580095382599333688296179124755912
Z-108,58435110392118418391806062236055806593805536676136560387171150466444855217060
Z-109,33294026209748531059542091120424165789575899420693663664994426371365579656714
Z-110,96998259277728802348935495932206828973954437337642989625902150751477583907599
Z-111,65989331108995374215574593313227237040182686244836360064471434381828384807861
Z-112,16473807131778855942512838771588399910474525904988487603454209965753574905876
Z-113,111787723665065814238330847462162106561696630712472250672803980443176490871249
Z-114,91859194652780144200428434894157289856640203483496443286095147414767840455725
Z-115,6721507254817715175809407483892904761244551830662714899083959629703361545743
Z-116,71332549892194764996534686351906994821557686805867873352438697796272285911341
Z-117,76902568604989544828534518973346260764712602964172476071903640182495866878251
Cv-97,91680270831964566609428876415612591658295857585478711258851011466641685305146
Cv-98,9406032247989097149345876407161647511155429161131091898913347291725522366074
Cv-99,73372052077769058403345241217944542753852848374111813153855389714335380995021
Cv-100,64485525040670223155659779375252128218783393013010301769239349831601676600432
Cv-101,28238025799002044715870017319629113331520900607535525826387305227894349544295
Cv-102,72194567846087654149352910398184821948837586708165496202034320239714239382031
Cv-103,78385076864891877741858334424218349606138695368329376104898556007663805447234
Cv-104,888536300451778433165601139464718300218395012646047853130733794215741938291
Cv-105,87181321319311135092212634222573270438043233246130023997057304455326146748377
Cv-106,48561767717478238584299711025630038917733021793177635308010176045284346652328
Cv-107,93408779943811977138607732719093048449927889759581294207417982603852069815250
Cv-108,93817677381570347336799005130593385033462462314266651571094528900710832379126
Cv-109,32972894712663814530217099011383802969649746504345901392201898283268083169410
Cv-110,32730146515418764923588740102963813868319785398971831927614621137087608316073
Cv-111,31540178644943341553947579896048430625878285364690263249626091557163334205440
Cv-114,103850627350683339924014838630303270100278760499388635244000997441962457321456
Cv-115,102656814468810063562605585364429463076297013071704050533016967736282789152997
Cv-116,114080162684458652794257640478516093998471172458788498843645431654853696825835
Cv-117,76229737137704787850152422341842564004050966995185626621348583490721562074482
Cv-118,104416802074294605458185268750212136875602329396881225530871167523286784417657
Vt-98,71522087690653871852250043411077233001397992121978987812100670851289115205469
Vt-99,79445252172658531635974995568359755940728131781833588331797871768954439609453
Vt-100,68934504237387402555571881628600381965588444481782891896320733790736974944817
Vt-101,111759173197541536255113500604850907046228910445072949758815078752170660554494
Vt-102,25401399194294164157033827627898427277409033911469748183068785336902331314090
Vt-103,47448450307295070774991279972637426004122393228331843479700225514878207387459
Vt-104,16567784311498602404973008536377271665522875956302965847654804080155353928474
Vt-105,69624832448601077277965311194185080528033020513647640732939364765342330843683
Vt-106,30614305408998957995432165291155887184897638478959156825674473460546822258796
Vt-107,17465733136174574365798336170593001900101738577180089849783596985632049448279
Vt-108,52766544566009991267789713458811183965641829106546271687775236287655864683064
Vt-109,49410422035621275229228755756907055861416525282460555083927920125543971678691
Vt-110,9073181915245465150841879956422265397756605811809004999820912701860287602977
Vt-111,107059296911631167396090613102050461808112532493677909632696784180546951779465
Vt-112,30008205747120416528108686318279146472269822526000724701837724229357173802098
Vt-119,80843752852344988824582756617916227890831606257850711050300549261394239730040
Vt-120,101458340955908725010639650039257605431968152286805819092023817556584441997200
Vt-121,109171529577319717783173949337369643701729160599652915030783357693707333234681
Vt-122,84780105059117874283412552791161220968239206161543222852393500887496656843996
Ek-99,91464040874417405152434806694996164431687557303854388244863307508976770122215
Ek-100,79530367614027747220033471509796782906958503852361289155356973455859628976688
Ek-101,40594289643439856855135317002678399290917813944316575071373555755550382420696
Ek-102,32799278646653312838325815334943942131357153789109172497652975613102123613426
Ek-103,79253570623214642602173227867748528830645097629562692061027968728574171285819
Ek-104,35101262666142595029729101064998425685583285311469416547621280750410854301001
Ek-105,86280397905907357291922316560280823229569249650342389180129409470466161920740
Ek-106,105683231880590807752257621804177707062376196908442508307424919645941343031905
Ek-107,12736724190464033996008135783302767157946188131793780949846778269078431741459
Ek-108,61563974327549368650141973044283422459914528434725031564612544916313142746465
Ek-109,26081660774236873688874212954090641848463286379678539376846533510527284997986
Ek-110,61530209406490975444422897886067415308391922368731986130274415580143146585147
Ek-111,101497386117964543865993129429713986332489614401526876676864555097069974416990
Ek-112,57636937191762124626301380174030415238527679547060936975272926427006854788900
Ek-113,90483269439079574254775652478635463769336484545933129477174207701932120649249
Ek-119,76905372373596108671310301509585168301356901779154442914596087774592905588867
Ek-120,75636256637778247028151335783116192322362878305328857123931394897539937062099
Ek-121,16647716113445870425360438153726307216214381874205594270333793289212899155956
Ek-122,4924318064851863279134965047705371212169308661009980489290575934551783769303
Ek-123,31736357741457581750415639221356290868687153855216319410743090106309998020872
Ji-103,40553098162671019362010371772908506904786732051643610004543785052857018818237
Ji-104,43657132799616409245284463204303032426234569092856665757290633563273654973721
Ji-105,29530576876157284828174413691726122521107447944665094953134227907547993639727
Ji-106,36716981432966777874698686886991559733506404701643605457718814552739803546563
Ji-107,275387822447540047700017192938795134742073031399679183702022902805487618962
Ji-108,36348319831733840096596247617151565406500999872186285645742238037697935336094
Ji-109,103131030783172551381562320071210943781698924186557078825878672649487030316133
Ji-110,78451457978968363121232040336332359801314156545124639845223877303683172199194
Ji-111,1900978293657845413507993238298512963554354981803553088654934013551683479934
Ji-112,47287318801895695774047888847082334098717826256837987072399767374874992621578
Ji-113,109866241724124675149193074845518437288020718376931710219954730001107300478182
Ji-114,23147597178784980702528530736669656686424991938698368642030818922624830226159
Ji-121,55731911981907095755918031369791294724597340163490626457065926371074624385510
Ji-122,91449733834572588092911455805362044709082521199736636829332773120030461085693
Ji-123,89661836743851553637723875807001350708318430514965569195264681842050998292092
Ji-124,23295332454084935002845911219251418270411407479761411538268697953660576653409
Aw-104,105374002489224065479180229622899169817001094555754775044593229662497247868957
Aw-105,93793848417613804417046524844632599221216658130924524535747442679246505674765
Aw-106,6847108781599110272213722509158184868350642085731737752338270599708837420398
Aw-107,101838180489067822347177596018230297686907232879984090416370625847788285955165
Aw-108,84022859355727835742675386669175803811974359718351924839168330189779203125664
Aw-109,52667222217068369991576914400745688013493728195323336897587328834678907416970
Aw-110,87976297691306972189157942893333948725199482336284526741105620103670438285745
Aw-111,101666822189264802656220144025243981646439816324926206724433500974056289318178
Aw-112,51729562691554314764141607877740490044313185383499114687636609654935202552620
Aw-113,47931168964355178770029535282326414287011049929747385839473542203951290902911
Aw-114,29890661932038281047226498202457726732586691441068030400708495593648880142904
Aw-115,47325983674730111003793322580645833589864792110627235789756080342176543401168
Aw-124,52119890066691576780276842383709023752072892051166107849473329279704952373812
Aw-125,13743411057023881299947617935563025158136512313566679583884975918862846642556
Kn-106,106939983105743102837386638194010628353936875011361950450791179734974455092520
Kn-107,82642118766170541925930273553540309998074669678086186347911225227926690320215
Kn-108,3824634325290158083409132754080816544625912315926014172188455004043693924865
Kn-109,28246652440022598646763719965223837291146625161232373150917481054671856704270
Kn-110,111567351850830608501431182517532392945322070259302298377747346785324635509771
Kn-111,58345878580040259984098113776168923408647704292339680847504962765636987357939
Kn-112,28820666023884908015869217045364172846254459725144450648819616836813487115135
Kn-113,71479699688231361729024584348387308656343119358915078720716261565929175178417
Kn-114,41669491326421069504560533964373397744948951809598482069199319960443537854635
Kn-115,44594840974454682712177095441176895511328771337368434695126563164987838831006
Kn-116,9488160334554677847760476190771453157272375861725778604780714003647778181282
Ha-108,50154565816708577386594046430922306164200393159299155432042130031172946976587
Ha-109,6559385856220937189666289350482881039359568507566390404429476361935800521176
Ha-110,21003843665117744218206224865567370993227041464205669185496571471333548108471
Ha-111,108154874869461550927289020987444652574624151961211023745488264125082497415438
Ha-112,56138532150976970141232413052271885294772091452398708770953349447720460142379
Ha-113,49293357302928857814453019947609063777792985079397296317063873274012478418000
Ha-114,29050478298971763682908680270440412621763939760043252222993466283541085104663
Ha-115,42053091260353121448928381663551815279839604682135704093018672494592698041319
Ha-116,111571699228762416099960079496636653387148994812099202928750332347082019441249
Ha-117,77586315206767120073607887368912390500147836032425420614984236092907216139156
Ax-109,42502091008807314705758574840717531073600726084411631379537338004312385839138
Ax-110,73269841900561134219765250640269236006088905716251748988203499075496638013538
Ax-111,90445273631690345656232878322892977827428146602096227143162203550923410431000
I-113,96952541878183782758968473930300602867336904434193990049953111230972088129091
I-114,85193956267871940925816979702027529200386113366074841345417971758581773586592
I-115,89350864631644216679108544017919183425694965029673670931046826883117227081949
Jb-116,36098632839061948539658693839358362685205342407559979124694320222695527105934
Go-117,32411904160085979453155683863877983762067988105647474969728171107419703838936
Go-118,26382869807484420078775090621714510165076896327089361886831888867845817423482
X-119,166916204408160318513175536690725949831494743000410168375014642620440010997
Eh-123,53801647831407731587900300164718842870949695067388568692771267994987970100533
Eh-124,69070241662237276685181428438941291826861797971333698667850206367836943811922
Ys-125,5594596597090761178317915663337629244148346555324322516475565518610222463364
